provider,region,instance,cost
gcp,US Central 1b,e2-standard-2,0.067006
gcp,US Central 1b,e2-standard-4,0.134012
gcp,US Central 1b,e2-standard-8,0.268024
gcp,US Central 1b,e2-standard-16,0.536048
gcp,US Central 1b,e2-standard-32,1.072096
gcp,US West 1b,e2-standard-2,0.067006
gcp,US West 1b,e2-standard-4,0.134012
gcp,US West 1b,e2-standard-8,0.268024
gcp,US West 1b,e2-standard-16,0.536048
gcp,US West 1b,e2-standard-32,1.072096
gcp,US West 2b,e2-standard-2,0.080486
gcp,US West 2b,e2-standard-4,0.160972
gcp,US West 2b,e2-standard-8,0.321944
gcp,US West 2b,e2-standard-16,0.643888
gcp,US West 2b,e2-standard-32,1.287776
gcp,US West 3b,e2-standard-2,0.080486
gcp,US West 3b,e2-standard-4,0.160972
gcp,US West 3b,e2-standard-8,0.321944
gcp,US West 3b,e2-standard-16,0.643888
gcp,US West 3b,e2-standard-32,1.287776
gcp,US West 4b,e2-standard-2,0.075462
gcp,US West 4b,e2-standard-4,0.150924
gcp,US West 4b,e2-standard-8,0.301848
gcp,US West 4b,e2-standard-16,0.603696
gcp,US West 4b,e2-standard-32,1.207392
gcp,US East 4b,e2-standard-2,0.075462
gcp,US East 4b,e2-standard-4,0.150924
gcp,US East 4b,e2-standard-8,0.301848
gcp,US East 4b,e2-standard-16,0.603696
gcp,US East 4b,e2-standard-32,1.207392
gcp,US East 1b,e2-standard-2,0.067006
gcp,US East 1b,e2-standard-4,0.134012
gcp,US East 1b,e2-standard-8,0.268024
gcp,US East 1b,e2-standard-16,0.536048
gcp,US East 1b,e2-standard-32,1.072096
gcp,Northamerica Northeast 1b,e2-standard-2,0.07377
gcp,Northamerica Northeast 1b,e2-standard-4,0.14754
gcp,Northamerica Northeast 1b,e2-standard-8,0.29508
gcp,Northamerica Northeast 1b,e2-standard-16,0.59016
gcp,Northamerica Northeast 1b,e2-standard-32,1.18032
gcp,Southamerica East 1b,e2-standard-2,0.106368
gcp,Southamerica East 1b,e2-standard-4,0.212736
gcp,Southamerica East 1b,e2-standard-8,0.425472
gcp,Southamerica East 1b,e2-standard-16,0.850944
gcp,Southamerica East 1b,e2-standard-32,1.701888
gcp,Europe West 1b,e2-standard-2,0.073714
gcp,Europe West 1b,e2-standard-4,0.147428
gcp,Europe West 1b,e2-standard-8,0.294856
gcp,Europe West 1b,e2-standard-16,0.589712
gcp,Europe West 1b,e2-standard-32,1.179424
gcp,Europe North 1b,e2-standard-2,0.073776
gcp,Europe North 1b,e2-standard-4,0.147552
gcp,Europe North 1b,e2-standard-8,0.295104
gcp,Europe North 1b,e2-standard-16,0.590208
gcp,Europe North 1b,e2-standard-32,1.180416
gcp,Europe West 3b,e2-standard-2,0.086334
gcp,Europe West 3b,e2-standard-4,0.172668
gcp,Europe West 3b,e2-standard-8,0.345336
gcp,Europe West 3b,e2-standard-16,0.690672
gcp,Europe West 3b,e2-standard-32,1.381344
gcp,Europe West 2b,e2-standard-2,0.086334
gcp,Europe West 2b,e2-standard-4,0.172668
gcp,Europe West 2b,e2-standard-8,0.345336
gcp,Europe West 2b,e2-standard-16,0.690672
gcp,Europe West 2b,e2-standard-32,1.381344
gcp,Europe West 4b,e2-standard-2,0.07377
gcp,Europe West 4b,e2-standard-4,0.14754
gcp,Europe West 4b,e2-standard-8,0.29508
gcp,Europe West 4b,e2-standard-16,0.59016
gcp,Europe West 4b,e2-standard-32,1.18032
gcp,Europe West 6b,e2-standard-2,0.093758
gcp,Europe West 6b,e2-standard-4,0.187516
gcp,Europe West 6b,e2-standard-8,0.375032
gcp,Europe West 6b,e2-standard-16,0.750064
gcp,Europe West 6b,e2-standard-32,1.500128
gcp,Asia South 1b,e2-standard-2,0.080486
gcp,Asia South 1b,e2-standard-4,0.160972
gcp,Asia South 1b,e2-standard-8,0.321944
gcp,Asia South 1b,e2-standard-16,0.643888
gcp,Asia South 1b,e2-standard-32,1.287776
gcp,Asia Southeast 1b,e2-standard-2,0.082658
gcp,Asia Southeast 1b,e2-standard-4,0.165316
gcp,Asia Southeast 1b,e2-standard-8,0.330632
gcp,Asia Southeast 1b,e2-standard-16,0.661264
gcp,Asia Southeast 1b,e2-standard-32,1.322528
gcp,Asia Southeast 2b,e2-standard-2,0.090094
gcp,Asia Southeast 2b,e2-standard-4,0.180188
gcp,Asia Southeast 2b,e2-standard-8,0.360376
gcp,Asia Southeast 2b,e2-standard-16,0.720752
gcp,Asia Southeast 2b,e2-standard-32,1.441504
gcp,Australia Southeast 1b,e2-standard-2,0.095076
gcp,Australia Southeast 1b,e2-standard-4,0.190152
gcp,Australia Southeast 1b,e2-standard-8,0.380304
gcp,Australia Southeast 1b,e2-standard-16,0.760608
gcp,Australia Southeast 1b,e2-standard-32,1.521216
gcp,Asia East 2b,e2-standard-2,0.093758
gcp,Asia East 2b,e2-standard-4,0.187516
gcp,Asia East 2b,e2-standard-8,0.375032
gcp,Asia East 2b,e2-standard-16,0.750064
gcp,Asia East 2b,e2-standard-32,1.500128
gcp,Asia East 1b,e2-standard-2,0.07759
gcp,Asia East 1b,e2-standard-4,0.15518
gcp,Asia East 1b,e2-standard-8,0.31036
gcp,Asia East 1b,e2-standard-16,0.62072
gcp,Asia East 1b,e2-standard-32,1.24144
gcp,Asia Northeast 1b,e2-standard-2,0.085964
gcp,Asia Northeast 1b,e2-standard-4,0.171928
gcp,Asia Northeast 1b,e2-standard-8,0.343856
gcp,Asia Northeast 1b,e2-standard-16,0.687712
gcp,Asia Northeast 1b,e2-standard-32,1.375424
gcp,Asia Northeast 2b,e2-standard-2,0.085964
gcp,Asia Northeast 2b,e2-standard-4,0.171928
gcp,Asia Northeast 2b,e2-standard-8,0.343856
gcp,Asia Northeast 2b,e2-standard-16,0.687712
gcp,Asia Northeast 2b,e2-standard-32,1.375424
gcp,Asia Northeast 3b,e2-standard-2,0.085964
gcp,Asia Northeast 3b,e2-standard-4,0.171928
gcp,Asia Northeast 3b,e2-standard-8,0.343856
gcp,Asia Northeast 3b,e2-standard-16,0.687712
gcp,Asia Northeast 3b,e2-standard-32,1.375424
gcp,US Central 1b,e2-high-mem-2,0.09039
gcp,US Central 1b,e2-high-mem-4,0.18078
gcp,US Central 1b,e2-high-mem-8,0.36156
gcp,US Central 1b,e2-high-mem-16,0.72312
gcp,US West 1b,e2-high-mem-2,0.09039
gcp,US West 1b,e2-high-mem-4,0.18078
gcp,US West 1b,e2-high-mem-8,0.36156
gcp,US West 1b,e2-high-mem-16,0.72312
gcp,US West 2b,e2-high-mem-2,0.108574
gcp,US West 2b,e2-high-mem-4,0.217148
gcp,US West 2b,e2-high-mem-8,0.434296
gcp,US West 2b,e2-high-mem-16,0.868592
gcp,US West 3b,e2-high-mem-2,0.108574
gcp,US West 3b,e2-high-mem-4,0.217148
gcp,US West 3b,e2-high-mem-8,0.434296
gcp,US West 3b,e2-high-mem-16,0.868592
gcp,US West 4b,e2-high-mem-2,0.10179
gcp,US West 4b,e2-high-mem-4,0.20358
gcp,US West 4b,e2-high-mem-8,0.40716
gcp,US West 4b,e2-high-mem-16,0.81432
gcp,US East 4b,e2-high-mem-2,0.10179
gcp,US East 4b,e2-high-mem-4,0.20358
gcp,US East 4b,e2-high-mem-8,0.40716
gcp,US East 4b,e2-high-mem-16,0.81432
gcp,US East 1b,e2-high-mem-2,0.09039
gcp,US East 1b,e2-high-mem-4,0.18078
gcp,US East 1b,e2-high-mem-8,0.36156
gcp,US East 1b,e2-high-mem-16,0.72312
gcp,Northamerica Northeast 1b,e2-high-mem-2,0.099514
gcp,Northamerica Northeast 1b,e2-high-mem-4,0.199028
gcp,Northamerica Northeast 1b,e2-high-mem-8,0.398056
gcp,Northamerica Northeast 1b,e2-high-mem-16,0.796112
gcp,Southamerica East 1b,e2-high-mem-2,0.143488
gcp,Southamerica East 1b,e2-high-mem-4,0.286976
gcp,Southamerica East 1b,e2-high-mem-8,0.573952
gcp,Southamerica East 1b,e2-high-mem-16,1.147904
gcp,Europe West 1b,e2-high-mem-2,0.099442
gcp,Europe West 1b,e2-high-mem-4,0.198884
gcp,Europe West 1b,e2-high-mem-8,0.397768
gcp,Europe West 1b,e2-high-mem-16,0.795536
gcp,Europe North 1b,e2-high-mem-2,0.09952
gcp,Europe North 1b,e2-high-mem-4,0.19904
gcp,Europe North 1b,e2-high-mem-8,0.39808
gcp,Europe North 1b,e2-high-mem-16,0.79616
gcp,Europe West 3b,e2-high-mem-2,0.116462
gcp,Europe West 3b,e2-high-mem-4,0.232924
gcp,Europe West 3b,e2-high-mem-8,0.465848
gcp,Europe West 3b,e2-high-mem-16,0.931696
gcp,Europe West 2b,e2-high-mem-2,0.116462
gcp,Europe West 2b,e2-high-mem-4,0.232924
gcp,Europe West 2b,e2-high-mem-8,0.465848
gcp,Europe West 2b,e2-high-mem-16,0.931696
gcp,Europe West 4b,e2-high-mem-2,0.099514
gcp,Europe West 4b,e2-high-mem-4,0.199028
gcp,Europe West 4b,e2-high-mem-8,0.398056
gcp,Europe West 4b,e2-high-mem-16,0.796112
gcp,Europe West 6b,e2-high-mem-2,0.126478
gcp,Europe West 6b,e2-high-mem-4,0.252956
gcp,Europe West 6b,e2-high-mem-8,0.505912
gcp,Europe West 6b,e2-high-mem-16,1.011824
gcp,Asia South 1b,e2-high-mem-2,0.108574
gcp,Asia South 1b,e2-high-mem-4,0.217148
gcp,Asia South 1b,e2-high-mem-8,0.434296
gcp,Asia South 1b,e2-high-mem-16,0.868592
gcp,Asia Southeast 1b,e2-high-mem-2,0.111498
gcp,Asia Southeast 1b,e2-high-mem-4,0.222996
gcp,Asia Southeast 1b,e2-high-mem-8,0.445992
gcp,Asia Southeast 1b,e2-high-mem-16,0.891984
gcp,Asia Southeast 2b,e2-high-mem-2,0.121526
gcp,Asia Southeast 2b,e2-high-mem-4,0.243052
gcp,Asia Southeast 2b,e2-high-mem-8,0.486104
gcp,Asia Southeast 2b,e2-high-mem-16,0.972208
gcp,Australia Southeast 1b,e2-high-mem-2,0.128252
gcp,Australia Southeast 1b,e2-high-mem-4,0.256504
gcp,Australia Southeast 1b,e2-high-mem-8,0.513008
gcp,Australia Southeast 1b,e2-high-mem-16,1.026016
gcp,Asia East 2b,e2-high-mem-2,0.126478
gcp,Asia East 2b,e2-high-mem-4,0.252956
gcp,Asia East 2b,e2-high-mem-8,0.505912
gcp,Asia East 2b,e2-high-mem-16,1.011824
gcp,Asia East 1b,e2-high-mem-2,0.10467
gcp,Asia East 1b,e2-high-mem-4,0.20934
gcp,Asia East 1b,e2-high-mem-8,0.41868
gcp,Asia East 1b,e2-high-mem-16,0.83736
gcp,Asia Northeast 1b,e2-high-mem-2,0.115876
gcp,Asia Northeast 1b,e2-high-mem-4,0.231752
gcp,Asia Northeast 1b,e2-high-mem-8,0.463504
gcp,Asia Northeast 1b,e2-high-mem-16,0.927008
gcp,Asia Northeast 2b,e2-high-mem-2,0.115876
gcp,Asia Northeast 2b,e2-high-mem-4,0.231752
gcp,Asia Northeast 2b,e2-high-mem-8,0.463504
gcp,Asia Northeast 2b,e2-high-mem-16,0.927008
gcp,Asia Northeast 3b,e2-high-mem-2,0.115876
gcp,Asia Northeast 3b,e2-high-mem-4,0.231752
gcp,Asia Northeast 3b,e2-high-mem-8,0.463504
gcp,Asia Northeast 3b,e2-high-mem-16,0.927008
gcp,US Central 1b,e2-high-cpu-2,0.049468
gcp,US Central 1b,e2-high-cpu-4,0.098936
gcp,US Central 1b,e2-high-cpu-8,0.197872
gcp,US Central 1b,e2-high-cpu-16,0.395744
gcp,US Central 1b,e2-high-cpu-32,0.791488
gcp,US West 1b,e2-high-cpu-2,0.049468
gcp,US West 1b,e2-high-cpu-4,0.098936
gcp,US West 1b,e2-high-cpu-8,0.197872
gcp,US West 1b,e2-high-cpu-16,0.395744
gcp,US West 1b,e2-high-cpu-32,0.791488
gcp,US West 2b,e2-high-cpu-2,0.05942
gcp,US West 2b,e2-high-cpu-4,0.11884
gcp,US West 2b,e2-high-cpu-8,0.23768
gcp,US West 2b,e2-high-cpu-16,0.47536
gcp,US West 2b,e2-high-cpu-32,0.95072
gcp,US West 3b,e2-high-cpu-2,0.05942
gcp,US West 3b,e2-high-cpu-4,0.11884
gcp,US West 3b,e2-high-cpu-8,0.23768
gcp,US West 3b,e2-high-cpu-16,0.47536
gcp,US West 3b,e2-high-cpu-32,0.95072
gcp,US West 4b,e2-high-cpu-2,0.055716
gcp,US West 4b,e2-high-cpu-4,0.111432
gcp,US West 4b,e2-high-cpu-8,0.222864
gcp,US West 4b,e2-high-cpu-16,0.445728
gcp,US West 4b,e2-high-cpu-32,0.891456
gcp,US East 4b,e2-high-cpu-2,0.055716
gcp,US East 4b,e2-high-cpu-4,0.111432
gcp,US East 4b,e2-high-cpu-8,0.222864
gcp,US East 4b,e2-high-cpu-16,0.445728
gcp,US East 4b,e2-high-cpu-32,0.891456
gcp,US East 1b,e2-high-cpu-2,0.049468
gcp,US East 1b,e2-high-cpu-4,0.098936
gcp,US East 1b,e2-high-cpu-8,0.197872
gcp,US East 1b,e2-high-cpu-16,0.395744
gcp,US East 1b,e2-high-cpu-32,0.791488
gcp,Northamerica Northeast 1b,e2-high-cpu-2,0.054462
gcp,Northamerica Northeast 1b,e2-high-cpu-4,0.108924
gcp,Northamerica Northeast 1b,e2-high-cpu-8,0.217848
gcp,Northamerica Northeast 1b,e2-high-cpu-16,0.435696
gcp,Northamerica Northeast 1b,e2-high-cpu-32,0.871392
gcp,Southamerica East 1b,e2-high-cpu-2,0.078528
gcp,Southamerica East 1b,e2-high-cpu-4,0.157056
gcp,Southamerica East 1b,e2-high-cpu-8,0.314112
gcp,Southamerica East 1b,e2-high-cpu-16,0.628224
gcp,Southamerica East 1b,e2-high-cpu-32,1.256448
gcp,Europe West 1b,e2-high-cpu-2,0.054418
gcp,Europe West 1b,e2-high-cpu-4,0.108836
gcp,Europe West 1b,e2-high-cpu-8,0.217672
gcp,Europe West 1b,e2-high-cpu-16,0.435344
gcp,Europe West 1b,e2-high-cpu-32,0.870688
gcp,Europe North 1b,e2-high-cpu-2,0.054468
gcp,Europe North 1b,e2-high-cpu-4,0.108936
gcp,Europe North 1b,e2-high-cpu-8,0.217872
gcp,Europe North 1b,e2-high-cpu-16,0.435744
gcp,Europe North 1b,e2-high-cpu-32,0.871488
gcp,Europe West 3b,e2-high-cpu-2,0.063738
gcp,Europe West 3b,e2-high-cpu-4,0.127476
gcp,Europe West 3b,e2-high-cpu-8,0.254952
gcp,Europe West 3b,e2-high-cpu-16,0.509904
gcp,Europe West 3b,e2-high-cpu-32,1.019808
gcp,Europe West 2b,e2-high-cpu-2,0.063738
gcp,Europe West 2b,e2-high-cpu-4,0.127476
gcp,Europe West 2b,e2-high-cpu-8,0.254952
gcp,Europe West 2b,e2-high-cpu-16,0.509904
gcp,Europe West 2b,e2-high-cpu-32,1.019808
gcp,Europe West 4b,e2-high-cpu-2,0.054462
gcp,Europe West 4b,e2-high-cpu-4,0.108924
gcp,Europe West 4b,e2-high-cpu-8,0.217848
gcp,Europe West 4b,e2-high-cpu-16,0.435696
gcp,Europe West 4b,e2-high-cpu-32,0.871392
gcp,Europe West 6b,e2-high-cpu-2,0.069218
gcp,Europe West 6b,e2-high-cpu-4,0.138436
gcp,Europe West 6b,e2-high-cpu-8,0.276872
gcp,Europe West 6b,e2-high-cpu-16,0.553744
gcp,Europe West 6b,e2-high-cpu-32,1.107488
gcp,Asia South 1b,e2-high-cpu-2,0.05942
gcp,Asia South 1b,e2-high-cpu-4,0.11884
gcp,Asia South 1b,e2-high-cpu-8,0.23768
gcp,Asia South 1b,e2-high-cpu-16,0.47536
gcp,Asia South 1b,e2-high-cpu-32,0.95072
gcp,Asia Southeast 1b,e2-high-cpu-2,0.061028
gcp,Asia Southeast 1b,e2-high-cpu-4,0.122056
gcp,Asia Southeast 1b,e2-high-cpu-8,0.244112
gcp,Asia Southeast 1b,e2-high-cpu-16,0.488224
gcp,Asia Southeast 1b,e2-high-cpu-32,0.976448
gcp,Asia Southeast 2b,e2-high-cpu-2,0.06652
gcp,Asia Southeast 2b,e2-high-cpu-4,0.13304
gcp,Asia Southeast 2b,e2-high-cpu-8,0.26608
gcp,Asia Southeast 2b,e2-high-cpu-16,0.53216
gcp,Asia Southeast 2b,e2-high-cpu-32,1.06432
gcp,Australia Southeast 1b,e2-high-cpu-2,0.070194
gcp,Australia Southeast 1b,e2-high-cpu-4,0.140388
gcp,Australia Southeast 1b,e2-high-cpu-8,0.280776
gcp,Australia Southeast 1b,e2-high-cpu-16,0.561552
gcp,Australia Southeast 1b,e2-high-cpu-32,1.123104
gcp,Asia East 2b,e2-high-cpu-2,0.069218
gcp,Asia East 2b,e2-high-cpu-4,0.138436
gcp,Asia East 2b,e2-high-cpu-8,0.276872
gcp,Asia East 2b,e2-high-cpu-16,0.553744
gcp,Asia East 2b,e2-high-cpu-32,1.107488
gcp,Asia East 1b,e2-high-cpu-2,0.05728
gcp,Asia East 1b,e2-high-cpu-4,0.11456
gcp,Asia East 1b,e2-high-cpu-8,0.22912
gcp,Asia East 1b,e2-high-cpu-16,0.45824
gcp,Asia East 1b,e2-high-cpu-32,0.91648
gcp,Asia Northeast 1b,e2-high-cpu-2,0.06353
gcp,Asia Northeast 1b,e2-high-cpu-4,0.12706
gcp,Asia Northeast 1b,e2-high-cpu-8,0.25412
gcp,Asia Northeast 1b,e2-high-cpu-16,0.50824
gcp,Asia Northeast 1b,e2-high-cpu-32,1.01648
gcp,Asia Northeast 2b,e2-high-cpu-2,0.06353
gcp,Asia Northeast 2b,e2-high-cpu-4,0.12706
gcp,Asia Northeast 2b,e2-high-cpu-8,0.25412
gcp,Asia Northeast 2b,e2-high-cpu-16,0.50824
gcp,Asia Northeast 2b,e2-high-cpu-32,1.01648
gcp,Asia Northeast 3b,e2-high-cpu-2,0.06353
gcp,Asia Northeast 3b,e2-high-cpu-4,0.12706
gcp,Asia Northeast 3b,e2-high-cpu-8,0.25412
gcp,Asia Northeast 3b,e2-high-cpu-16,0.50824
gcp,Asia Northeast 3b,e2-high-cpu-32,1.01648
gcp,US Central 1b,n2-standard-2,0.0971
gcp,US Central 1b,n2-standard-4,0.1942
gcp,US Central 1b,n2-standard-8,0.3885
gcp,US Central 1b,n2-standard-16,0.7769
gcp,US Central 1b,n2-standard-32,1.5539
gcp,US Central 1b,n2-standard-48,2.3308
gcp,US Central 1b,n2-standard-64,3.1078
gcp,US Central 1b,n2-standard-80,3.8847
gcp,US West 1b,n2-standard-2,0.0971
gcp,US West 1b,n2-standard-4,0.1942
gcp,US West 1b,n2-standard-8,0.3885
gcp,US West 1b,n2-standard-16,0.7769
gcp,US West 1b,n2-standard-32,1.5539
gcp,US West 1b,n2-standard-48,2.3308
gcp,US West 1b,n2-standard-64,3.1078
gcp,US West 1b,n2-standard-80,3.8847
gcp,US West 4b,n2-standard-2,0.1094
gcp,US West 4b,n2-standard-4,0.2188
gcp,US West 4b,n2-standard-8,0.4375
gcp,US West 4b,n2-standard-16,0.875
gcp,US West 4b,n2-standard-32,1.75
gcp,US West 4b,n2-standard-48,2.6251
gcp,US West 4b,n2-standard-64,3.5001
gcp,US West 4b,n2-standard-80,4.3751
gcp,US East 4b,n2-standard-2,0.1094
gcp,US East 4b,n2-standard-4,0.2188
gcp,US East 4b,n2-standard-8,0.4375
gcp,US East 4b,n2-standard-16,0.875
gcp,US East 4b,n2-standard-32,1.75
gcp,US East 4b,n2-standard-48,2.6251
gcp,US East 4b,n2-standard-64,3.5001
gcp,US East 4b,n2-standard-80,4.3751
gcp,US East 1b,n2-standard-2,0.0971
gcp,US East 1b,n2-standard-4,0.1942
gcp,US East 1b,n2-standard-8,0.3885
gcp,US East 1b,n2-standard-16,0.7769
gcp,US East 1b,n2-standard-32,1.5539
gcp,US East 1b,n2-standard-48,2.3308
gcp,US East 1b,n2-standard-64,3.1078
gcp,US East 1b,n2-standard-80,3.8847
gcp,Europe West 1b,n2-standard-2,0.1068
gcp,Europe West 1b,n2-standard-4,0.2137
gcp,Europe West 1b,n2-standard-8,0.4273
gcp,Europe West 1b,n2-standard-16,0.8547
gcp,Europe West 1b,n2-standard-32,1.7093
gcp,Europe West 1b,n2-standard-48,2.564
gcp,Europe West 1b,n2-standard-64,3.4187
gcp,Europe West 1b,n2-standard-80,4.2734
gcp,Europe West 3b,n2-standard-2,0.1251
gcp,Europe West 3b,n2-standard-4,0.2502
gcp,Europe West 3b,n2-standard-8,0.5005
gcp,Europe West 3b,n2-standard-16,1.001
gcp,Europe West 3b,n2-standard-32,2.002
gcp,Europe West 3b,n2-standard-48,3.003
gcp,Europe West 3b,n2-standard-64,4.004
gcp,Europe West 3b,n2-standard-80,5.005
gcp,Europe West 2b,n2-standard-2,0.1251
gcp,Europe West 2b,n2-standard-4,0.2502
gcp,Europe West 2b,n2-standard-8,0.5005
gcp,Europe West 2b,n2-standard-16,1.001
gcp,Europe West 2b,n2-standard-32,2.002
gcp,Europe West 2b,n2-standard-48,3.003
gcp,Europe West 2b,n2-standard-64,4.004
gcp,Europe West 2b,n2-standard-80,5.005
gcp,Europe West 4b,n2-standard-2,0.1068
gcp,Europe West 4b,n2-standard-4,0.2137
gcp,Europe West 4b,n2-standard-8,0.4273
gcp,Europe West 4b,n2-standard-16,0.8546
gcp,Europe West 4b,n2-standard-32,1.7093
gcp,Europe West 4b,n2-standard-48,2.5639
gcp,Europe West 4b,n2-standard-64,3.4186
gcp,Europe West 4b,n2-standard-80,4.2732
gcp,Asia Southeast 1b,n2-standard-2,0.1198
gcp,Asia Southeast 1b,n2-standard-4,0.2396
gcp,Asia Southeast 1b,n2-standard-8,0.4792
gcp,Asia Southeast 1b,n2-standard-16,0.9584
gcp,Asia Southeast 1b,n2-standard-32,1.9169
gcp,Asia Southeast 1b,n2-standard-48,2.8753
gcp,Asia Southeast 1b,n2-standard-64,3.8338
gcp,Asia Southeast 1b,n2-standard-80,4.7922
gcp,Australia Southeast 1b,n2-standard-2,0.1378
gcp,Australia Southeast 1b,n2-standard-4,0.2756
gcp,Australia Southeast 1b,n2-standard-8,0.5512
gcp,Australia Southeast 1b,n2-standard-16,1.1024
gcp,Australia Southeast 1b,n2-standard-32,2.2048
gcp,Australia Southeast 1b,n2-standard-48,3.3072
gcp,Australia Southeast 1b,n2-standard-64,4.4096
gcp,Australia Southeast 1b,n2-standard-80,5.512
gcp,Asia East 1b,n2-standard-2,0.1125
gcp,Asia East 1b,n2-standard-4,0.2249
gcp,Asia East 1b,n2-standard-8,0.4498
gcp,Asia East 1b,n2-standard-16,0.8996
gcp,Asia East 1b,n2-standard-32,1.7992
gcp,Asia East 1b,n2-standard-48,2.6988
gcp,Asia East 1b,n2-standard-64,3.5985
gcp,Asia East 1b,n2-standard-80,4.4981
gcp,Asia Northeast 1b,n2-standard-2,0.1246
gcp,Asia Northeast 1b,n2-standard-4,0.2492
gcp,Asia Northeast 1b,n2-standard-8,0.4984
gcp,Asia Northeast 1b,n2-standard-16,0.9967
gcp,Asia Northeast 1b,n2-standard-32,1.9934
gcp,Asia Northeast 1b,n2-standard-48,2.9901
gcp,Asia Northeast 1b,n2-standard-64,3.9868
gcp,Asia Northeast 1b,n2-standard-80,4.9835
gcp,US Central 1b,n2-high-mem-2,0.131
gcp,US Central 1b,n2-high-mem-4,0.262
gcp,US Central 1b,n2-high-mem-8,0.5241
gcp,US Central 1b,n2-high-mem-16,1.0481
gcp,US Central 1b,n2-high-mem-32,2.0962
gcp,US Central 1b,n2-high-mem-48,3.1443
gcp,US Central 1b,n2-high-mem-64,4.1924
gcp,US Central 1b,n2-high-mem-80,5.2406
gcp,US West 1b,n2-high-mem-2,0.131
gcp,US West 1b,n2-high-mem-4,0.262
gcp,US West 1b,n2-high-mem-8,0.5241
gcp,US West 1b,n2-high-mem-16,1.0481
gcp,US West 1b,n2-high-mem-32,2.0962
gcp,US West 1b,n2-high-mem-48,3.1443
gcp,US West 1b,n2-high-mem-64,4.1924
gcp,US West 1b,n2-high-mem-80,5.2406
gcp,US West 4b,n2-high-mem-2,0.1475
gcp,US West 4b,n2-high-mem-4,0.2951
gcp,US West 4b,n2-high-mem-8,0.5902
gcp,US West 4b,n2-high-mem-16,1.1804
gcp,US West 4b,n2-high-mem-32,2.3607
gcp,US West 4b,n2-high-mem-48,3.5411
gcp,US West 4b,n2-high-mem-64,4.7215
gcp,US West 4b,n2-high-mem-80,5.9018
gcp,US East 4b,n2-high-mem-2,0.1475
gcp,US East 4b,n2-high-mem-4,0.2951
gcp,US East 4b,n2-high-mem-8,0.5902
gcp,US East 4b,n2-high-mem-16,1.1804
gcp,US East 4b,n2-high-mem-32,2.3607
gcp,US East 4b,n2-high-mem-48,3.5411
gcp,US East 4b,n2-high-mem-64,4.7215
gcp,US East 4b,n2-high-mem-80,5.9018
gcp,US East 1b,n2-high-mem-2,0.131
gcp,US East 1b,n2-high-mem-4,0.262
gcp,US East 1b,n2-high-mem-8,0.5241
gcp,US East 1b,n2-high-mem-16,1.0481
gcp,US East 1b,n2-high-mem-32,2.0962
gcp,US East 1b,n2-high-mem-48,3.1443
gcp,US East 1b,n2-high-mem-64,4.1924
gcp,US East 1b,n2-high-mem-80,5.2406
gcp,Europe West 1b,n2-high-mem-2,0.1441
gcp,Europe West 1b,n2-high-mem-4,0.2882
gcp,Europe West 1b,n2-high-mem-8,0.5765
gcp,Europe West 1b,n2-high-mem-16,1.153
gcp,Europe West 1b,n2-high-mem-32,2.306
gcp,Europe West 1b,n2-high-mem-48,3.4589
gcp,Europe West 1b,n2-high-mem-64,4.6119
gcp,Europe West 1b,n2-high-mem-80,5.7649
gcp,Europe West 3b,n2-high-mem-2,0.1688
gcp,Europe West 3b,n2-high-mem-4,0.3376
gcp,Europe West 3b,n2-high-mem-8,0.6752
gcp,Europe West 3b,n2-high-mem-16,1.3503
gcp,Europe West 3b,n2-high-mem-32,2.7006
gcp,Europe West 3b,n2-high-mem-48,4.0509
gcp,Europe West 3b,n2-high-mem-64,5.4012
gcp,Europe West 3b,n2-high-mem-80,6.7515
gcp,Europe West 2b,n2-high-mem-2,0.1688
gcp,Europe West 2b,n2-high-mem-4,0.3376
gcp,Europe West 2b,n2-high-mem-8,0.6752
gcp,Europe West 2b,n2-high-mem-16,1.3503
gcp,Europe West 2b,n2-high-mem-32,2.7006
gcp,Europe West 2b,n2-high-mem-48,4.0509
gcp,Europe West 2b,n2-high-mem-64,5.4012
gcp,Europe West 2b,n2-high-mem-80,6.7515
gcp,Europe West 4b,n2-high-mem-2,0.1441
gcp,Europe West 4b,n2-high-mem-4,0.2882
gcp,Europe West 4b,n2-high-mem-8,0.5765
gcp,Europe West 4b,n2-high-mem-16,1.1529
gcp,Europe West 4b,n2-high-mem-32,2.3058
gcp,Europe West 4b,n2-high-mem-48,3.4588
gcp,Europe West 4b,n2-high-mem-64,4.6117
gcp,Europe West 4b,n2-high-mem-80,5.7646
gcp,Asia Southeast 1b,n2-high-mem-2,0.1616
gcp,Asia Southeast 1b,n2-high-mem-4,0.3232
gcp,Asia Southeast 1b,n2-high-mem-8,0.6465
gcp,Asia Southeast 1b,n2-high-mem-16,1.2929
gcp,Asia Southeast 1b,n2-high-mem-32,2.5858
gcp,Asia Southeast 1b,n2-high-mem-48,3.8787
gcp,Asia Southeast 1b,n2-high-mem-64,5.1716
gcp,Asia Southeast 1b,n2-high-mem-80,6.4646
gcp,Australia Southeast 1b,n2-high-mem-2,0.1859
gcp,Australia Southeast 1b,n2-high-mem-4,0.3718
gcp,Australia Southeast 1b,n2-high-mem-8,0.7436
gcp,Australia Southeast 1b,n2-high-mem-16,1.4871
gcp,Australia Southeast 1b,n2-high-mem-32,2.9742
gcp,Australia Southeast 1b,n2-high-mem-48,4.4613
gcp,Australia Southeast 1b,n2-high-mem-64,5.9484
gcp,Australia Southeast 1b,n2-high-mem-80,7.4355
gcp,Asia East 1b,n2-high-mem-2,0.1517
gcp,Asia East 1b,n2-high-mem-4,0.3034
gcp,Asia East 1b,n2-high-mem-8,0.6068
gcp,Asia East 1b,n2-high-mem-16,1.2136
gcp,Asia East 1b,n2-high-mem-32,2.4272
gcp,Asia East 1b,n2-high-mem-48,3.6408
gcp,Asia East 1b,n2-high-mem-64,4.8544
gcp,Asia East 1b,n2-high-mem-80,6.068
gcp,Asia Northeast 1b,n2-high-mem-2,0.1679
gcp,Asia Northeast 1b,n2-high-mem-4,0.3359
gcp,Asia Northeast 1b,n2-high-mem-8,0.6718
gcp,Asia Northeast 1b,n2-high-mem-16,1.3435
gcp,Asia Northeast 1b,n2-high-mem-32,2.687
gcp,Asia Northeast 1b,n2-high-mem-48,4.0306
gcp,Asia Northeast 1b,n2-high-mem-64,5.3741
gcp,Asia Northeast 1b,n2-high-mem-80,6.7176
gcp,US Central 1b,n2-high-cpu-2,0.0717
gcp,US Central 1b,n2-high-cpu-4,0.1434
gcp,US Central 1b,n2-high-cpu-8,0.2868
gcp,US Central 1b,n2-high-cpu-16,0.5736
gcp,US Central 1b,n2-high-cpu-32,1.1471
gcp,US Central 1b,n2-high-cpu-48,1.7207
gcp,US Central 1b,n2-high-cpu-64,2.2943
gcp,US Central 1b,n2-high-cpu-80,2.8678
gcp,US West 1b,n2-high-cpu-2,0.0717
gcp,US West 1b,n2-high-cpu-4,0.1434
gcp,US West 1b,n2-high-cpu-8,0.2868
gcp,US West 1b,n2-high-cpu-16,0.5736
gcp,US West 1b,n2-high-cpu-32,1.1471
gcp,US West 1b,n2-high-cpu-48,1.7207
gcp,US West 1b,n2-high-cpu-64,2.2943
gcp,US West 1b,n2-high-cpu-80,2.8678
gcp,US West 4b,n2-high-cpu-2,0.0808
gcp,US West 4b,n2-high-cpu-4,0.1615
gcp,US West 4b,n2-high-cpu-8,0.323
gcp,US West 4b,n2-high-cpu-16,0.646
gcp,US West 4b,n2-high-cpu-32,1.292
gcp,US West 4b,n2-high-cpu-48,1.938
gcp,US West 4b,n2-high-cpu-64,2.5841
gcp,US West 4b,n2-high-cpu-80,3.2301
gcp,US East 4b,n2-high-cpu-2,0.0808
gcp,US East 4b,n2-high-cpu-4,0.1615
gcp,US East 4b,n2-high-cpu-8,0.323
gcp,US East 4b,n2-high-cpu-16,0.646
gcp,US East 4b,n2-high-cpu-32,1.292
gcp,US East 4b,n2-high-cpu-48,1.938
gcp,US East 4b,n2-high-cpu-64,2.5841
gcp,US East 4b,n2-high-cpu-80,3.2301
gcp,US East 1b,n2-high-cpu-2,0.0717
gcp,US East 1b,n2-high-cpu-4,0.1434
gcp,US East 1b,n2-high-cpu-8,0.2868
gcp,US East 1b,n2-high-cpu-16,0.5736
gcp,US East 1b,n2-high-cpu-32,1.1471
gcp,US East 1b,n2-high-cpu-48,1.7207
gcp,US East 1b,n2-high-cpu-64,2.2943
gcp,US East 1b,n2-high-cpu-80,2.8678
gcp,Europe West 1b,n2-high-cpu-2,0.0789
gcp,Europe West 1b,n2-high-cpu-4,0.1577
gcp,Europe West 1b,n2-high-cpu-8,0.3155
gcp,Europe West 1b,n2-high-cpu-16,0.6309
gcp,Europe West 1b,n2-high-cpu-32,1.2619
gcp,Europe West 1b,n2-high-cpu-48,1.8928
gcp,Europe West 1b,n2-high-cpu-64,2.5238
gcp,Europe West 1b,n2-high-cpu-80,3.1547
gcp,Europe West 3b,n2-high-cpu-2,0.0924
gcp,Europe West 3b,n2-high-cpu-4,0.1848
gcp,Europe West 3b,n2-high-cpu-8,0.3695
gcp,Europe West 3b,n2-high-cpu-16,0.739
gcp,Europe West 3b,n2-high-cpu-32,1.478
gcp,Europe West 3b,n2-high-cpu-48,2.217
gcp,Europe West 3b,n2-high-cpu-64,2.956
gcp,Europe West 3b,n2-high-cpu-80,3.695
gcp,Europe West 2b,n2-high-cpu-2,0.0924
gcp,Europe West 2b,n2-high-cpu-4,0.1848
gcp,Europe West 2b,n2-high-cpu-8,0.3695
gcp,Europe West 2b,n2-high-cpu-16,0.739
gcp,Europe West 2b,n2-high-cpu-32,1.478
gcp,Europe West 2b,n2-high-cpu-48,2.217
gcp,Europe West 2b,n2-high-cpu-64,2.956
gcp,Europe West 2b,n2-high-cpu-80,3.695
gcp,Europe West 4b,n2-high-cpu-2,0.0789
gcp,Europe West 4b,n2-high-cpu-4,0.1577
gcp,Europe West 4b,n2-high-cpu-8,0.3155
gcp,Europe West 4b,n2-high-cpu-16,0.6309
gcp,Europe West 4b,n2-high-cpu-32,1.2618
gcp,Europe West 4b,n2-high-cpu-48,1.8928
gcp,Europe West 4b,n2-high-cpu-64,2.5237
gcp,Europe West 4b,n2-high-cpu-80,3.1546
gcp,Asia Southeast 1b,n2-high-cpu-2,0.0885
gcp,Asia Southeast 1b,n2-high-cpu-4,0.1769
gcp,Asia Southeast 1b,n2-high-cpu-8,0.3538
gcp,Asia Southeast 1b,n2-high-cpu-16,0.7076
gcp,Asia Southeast 1b,n2-high-cpu-32,1.4152
gcp,Asia Southeast 1b,n2-high-cpu-48,2.1228
gcp,Asia Southeast 1b,n2-high-cpu-64,2.8304
gcp,Asia Southeast 1b,n2-high-cpu-80,3.538
gcp,Australia Southeast 1b,n2-high-cpu-2,0.1017
gcp,Australia Southeast 1b,n2-high-cpu-4,0.2035
gcp,Australia Southeast 1b,n2-high-cpu-8,0.4069
gcp,Australia Southeast 1b,n2-high-cpu-16,0.8139
gcp,Australia Southeast 1b,n2-high-cpu-32,1.6277
gcp,Australia Southeast 1b,n2-high-cpu-48,2.4416
gcp,Australia Southeast 1b,n2-high-cpu-64,3.2555
gcp,Australia Southeast 1b,n2-high-cpu-80,4.0694
gcp,Asia East 1b,n2-high-cpu-2,0.083
gcp,Asia East 1b,n2-high-cpu-4,0.166
gcp,Asia East 1b,n2-high-cpu-8,0.3321
gcp,Asia East 1b,n2-high-cpu-16,0.6641
gcp,Asia East 1b,n2-high-cpu-32,1.3283
gcp,Asia East 1b,n2-high-cpu-48,1.9924
gcp,Asia East 1b,n2-high-cpu-64,2.6565
gcp,Asia East 1b,n2-high-cpu-80,3.3206
gcp,Asia Northeast 1b,n2-high-cpu-2,0.0921
gcp,Asia Northeast 1b,n2-high-cpu-4,0.1841
gcp,Asia Northeast 1b,n2-high-cpu-8,0.3683
gcp,Asia Northeast 1b,n2-high-cpu-16,0.7366
gcp,Asia Northeast 1b,n2-high-cpu-32,1.4732
gcp,Asia Northeast 1b,n2-high-cpu-48,2.2098
gcp,Asia Northeast 1b,n2-high-cpu-64,2.9464
gcp,Asia Northeast 1b,n2-high-cpu-80,3.683
gcp,US Central 1b,n2d-standard-2,0.084492
gcp,US Central 1b,n2d-standard-4,0.168984
gcp,US Central 1b,n2d-standard-8,0.337968
gcp,US Central 1b,n2d-standard-16,0.675936
gcp,US Central 1b,n2d-standard-32,1.351872
gcp,US Central 1b,n2d-standard-48,2.027808
gcp,US Central 1b,n2d-standard-64,2.703744
gcp,US Central 1b,n2d-standard-80,3.37968
gcp,US Central 1b,n2d-standard-96,4.055616
gcp,US Central 1b,n2d-standard-128,5.407488
gcp,US Central 1b,n2d-standard-224,9.463104
gcp,Europe West 1b,n2d-standard-2,0.092946
gcp,Europe West 1b,n2d-standard-4,0.185892
gcp,Europe West 1b,n2d-standard-8,0.371784
gcp,Europe West 1b,n2d-standard-16,0.743568
gcp,Europe West 1b,n2d-standard-32,1.487136
gcp,Europe West 1b,n2d-standard-48,2.230704
gcp,Europe West 1b,n2d-standard-64,2.974272
gcp,Europe West 1b,n2d-standard-80,3.71784
gcp,Europe West 1b,n2d-standard-96,4.461408
gcp,Europe West 1b,n2d-standard-128,5.948544
gcp,Europe West 1b,n2d-standard-224,10.409952
gcp,Europe West 4b,n2d-standard-2,0.09302
gcp,Europe West 4b,n2d-standard-4,0.18604
gcp,Europe West 4b,n2d-standard-8,0.37208
gcp,Europe West 4b,n2d-standard-16,0.74416
gcp,Europe West 4b,n2d-standard-32,1.48832
gcp,Europe West 4b,n2d-standard-48,2.23248
gcp,Europe West 4b,n2d-standard-64,2.97664
gcp,Europe West 4b,n2d-standard-80,3.7208
gcp,Europe West 4b,n2d-standard-96,4.46496
gcp,Europe West 4b,n2d-standard-128,5.95328
gcp,Europe West 4b,n2d-standard-224,10.41824
gcp,Asia Southeast 1b,n2d-standard-2,0.104234
gcp,Asia Southeast 1b,n2d-standard-4,0.208468
gcp,Asia Southeast 1b,n2d-standard-8,0.416936
gcp,Asia Southeast 1b,n2d-standard-16,0.833872
gcp,Asia Southeast 1b,n2d-standard-32,1.667744
gcp,Asia Southeast 1b,n2d-standard-48,2.501616
gcp,Asia Southeast 1b,n2d-standard-64,3.335488
gcp,Asia Southeast 1b,n2d-standard-80,4.16936
gcp,Asia Southeast 1b,n2d-standard-96,5.003232
gcp,Asia Southeast 1b,n2d-standard-128,6.670976
gcp,Asia Southeast 1b,n2d-standard-224,11.674208
gcp,US Central 1b,n2d-high-mem-2,0.11398
gcp,US Central 1b,n2d-high-mem-4,0.22796
gcp,US Central 1b,n2d-high-mem-8,0.45592
gcp,US Central 1b,n2d-high-mem-16,0.91184
gcp,US Central 1b,n2d-high-mem-32,1.82368
gcp,US Central 1b,n2d-high-mem-48,2.73552
gcp,US Central 1b,n2d-high-mem-64,3.64736
gcp,US Central 1b,n2d-high-mem-80,4.5592
gcp,US Central 1b,n2d-high-mem-96,5.47104
gcp,Europe West 1b,n2d-high-mem-2,0.125386
gcp,Europe West 1b,n2d-high-mem-4,0.250772
gcp,Europe West 1b,n2d-high-mem-8,0.501544
gcp,Europe West 1b,n2d-high-mem-16,1.003088
gcp,Europe West 1b,n2d-high-mem-32,2.006176
gcp,Europe West 1b,n2d-high-mem-48,3.009264
gcp,Europe West 1b,n2d-high-mem-64,4.012352
gcp,Europe West 1b,n2d-high-mem-80,5.01544
gcp,Europe West 1b,n2d-high-mem-96,6.018528
gcp,Europe West 4b,n2d-high-mem-2,0.125484
gcp,Europe West 4b,n2d-high-mem-4,0.250968
gcp,Europe West 4b,n2d-high-mem-8,0.501936
gcp,Europe West 4b,n2d-high-mem-16,1.003872
gcp,Europe West 4b,n2d-high-mem-32,2.007744
gcp,Europe West 4b,n2d-high-mem-48,3.011616
gcp,Europe West 4b,n2d-high-mem-64,4.015488
gcp,Europe West 4b,n2d-high-mem-80,5.01936
gcp,Europe West 4b,n2d-high-mem-96,6.023232
gcp,Asia Southeast 1b,n2d-high-mem-2,0.14061
gcp,Asia Southeast 1b,n2d-high-mem-4,0.28122
gcp,Asia Southeast 1b,n2d-high-mem-8,0.56244
gcp,Asia Southeast 1b,n2d-high-mem-16,1.12488
gcp,Asia Southeast 1b,n2d-high-mem-32,2.24976
gcp,Asia Southeast 1b,n2d-high-mem-48,3.37464
gcp,Asia Southeast 1b,n2d-high-mem-64,4.49952
gcp,Asia Southeast 1b,n2d-high-mem-80,5.6244
gcp,Asia Southeast 1b,n2d-high-mem-96,6.74928
gcp,US Central 1b,n2d-high-cpu-2,0.062376
gcp,US Central 1b,n2d-high-cpu-4,0.124752
gcp,US Central 1b,n2d-high-cpu-8,0.249504
gcp,US Central 1b,n2d-high-cpu-16,0.499008
gcp,US Central 1b,n2d-high-cpu-32,0.998016
gcp,US Central 1b,n2d-high-cpu-48,1.497024
gcp,US Central 1b,n2d-high-cpu-64,1.996032
gcp,US Central 1b,n2d-high-cpu-80,2.49504
gcp,US Central 1b,n2d-high-cpu-96,2.994048
gcp,US Central 1b,n2d-high-cpu-128,3.992064
gcp,US Central 1b,n2d-high-cpu-224,6.986112
gcp,Europe West 1b,n2d-high-cpu-2,0.068616
gcp,Europe West 1b,n2d-high-cpu-4,0.137232
gcp,Europe West 1b,n2d-high-cpu-8,0.274464
gcp,Europe West 1b,n2d-high-cpu-16,0.548928
gcp,Europe West 1b,n2d-high-cpu-32,1.097856
gcp,Europe West 1b,n2d-high-cpu-48,1.646784
gcp,Europe West 1b,n2d-high-cpu-64,2.195712
gcp,Europe West 1b,n2d-high-cpu-80,2.74464
gcp,Europe West 1b,n2d-high-cpu-96,3.293568
gcp,Europe West 1b,n2d-high-cpu-128,4.391424
gcp,Europe West 1b,n2d-high-cpu-224,7.684992
gcp,Europe West 4b,n2d-high-cpu-2,0.068672
gcp,Europe West 4b,n2d-high-cpu-4,0.137344
gcp,Europe West 4b,n2d-high-cpu-8,0.274688
gcp,Europe West 4b,n2d-high-cpu-16,0.549376
gcp,Europe West 4b,n2d-high-cpu-32,1.098752
gcp,Europe West 4b,n2d-high-cpu-48,1.648128
gcp,Europe West 4b,n2d-high-cpu-64,2.197504
gcp,Europe West 4b,n2d-high-cpu-80,2.74688
gcp,Europe West 4b,n2d-high-cpu-96,3.296256
gcp,Europe West 4b,n2d-high-cpu-128,4.395008
gcp,Europe West 4b,n2d-high-cpu-224,7.691264
gcp,Asia Southeast 1b,n2d-high-cpu-2,0.076952
gcp,Asia Southeast 1b,n2d-high-cpu-4,0.153904
gcp,Asia Southeast 1b,n2d-high-cpu-8,0.307808
gcp,Asia Southeast 1b,n2d-high-cpu-16,0.615616
gcp,Asia Southeast 1b,n2d-high-cpu-32,1.231232
gcp,Asia Southeast 1b,n2d-high-cpu-48,1.846848
gcp,Asia Southeast 1b,n2d-high-cpu-64,2.462464
gcp,Asia Southeast 1b,n2d-high-cpu-80,3.07808
gcp,Asia Southeast 1b,n2d-high-cpu-96,3.693696
gcp,Asia Southeast 1b,n2d-high-cpu-128,4.924928
gcp,Asia Southeast 1b,n2d-high-cpu-224,8.618624
gcp,US Central 1b,n1-standard-1,0.04749975
gcp,US Central 1b,n1-standard-2,0.0949995
gcp,US Central 1b,n1-standard-4,0.189999
gcp,US Central 1b,n1-standard-8,0.379998
gcp,US Central 1b,n1-standard-16,0.759996
gcp,US Central 1b,n1-standard-32,1.519992
gcp,US Central 1b,n1-standard-64,3.039984
gcp,US West 1b,n1-standard-1,0.04749975
gcp,US West 1b,n1-standard-2,0.0949995
gcp,US West 1b,n1-standard-4,0.189999
gcp,US West 1b,n1-standard-8,0.379998
gcp,US West 1b,n1-standard-16,0.759996
gcp,US West 1b,n1-standard-32,1.519992
gcp,US West 1b,n1-standard-64,3.039984
gcp,US West 2b,n1-standard-1,0.0571
gcp,US West 2b,n1-standard-2,0.1142
gcp,US West 2b,n1-standard-4,0.2284
gcp,US West 2b,n1-standard-8,0.4568
gcp,US West 2b,n1-standard-16,0.9136
gcp,US West 2b,n1-standard-32,1.8272
gcp,US West 2b,n1-standard-64,3.6544
gcp,US West 3b,n1-standard-1,0.0571
gcp,US West 3b,n1-standard-2,0.1142
gcp,US West 3b,n1-standard-4,0.2284
gcp,US West 3b,n1-standard-8,0.4568
gcp,US West 3b,n1-standard-16,0.9136
gcp,US West 3b,n1-standard-32,1.8272
gcp,US West 3b,n1-standard-64,3.6544
gcp,US West 4b,n1-standard-1,0.0535
gcp,US West 4b,n1-standard-2,0.107
gcp,US West 4b,n1-standard-4,0.214
gcp,US West 4b,n1-standard-8,0.428
gcp,US West 4b,n1-standard-16,0.856
gcp,US West 4b,n1-standard-32,1.712
gcp,US West 4b,n1-standard-64,3.424
gcp,US East 4b,n1-standard-1,0.0535
gcp,US East 4b,n1-standard-2,0.107
gcp,US East 4b,n1-standard-4,0.214
gcp,US East 4b,n1-standard-8,0.428
gcp,US East 4b,n1-standard-16,0.856
gcp,US East 4b,n1-standard-32,1.712
gcp,US East 4b,n1-standard-64,3.424
gcp,US East 1b,n1-standard-1,0.04749975
gcp,US East 1b,n1-standard-2,0.0949995
gcp,US East 1b,n1-standard-4,0.189999
gcp,US East 1b,n1-standard-8,0.379998
gcp,US East 1b,n1-standard-16,0.759996
gcp,US East 1b,n1-standard-32,1.519992
gcp,US East 1b,n1-standard-64,3.039984
gcp,Northamerica Northeast 1b,n1-standard-1,0.0523
gcp,Northamerica Northeast 1b,n1-standard-2,0.1046
gcp,Northamerica Northeast 1b,n1-standard-4,0.2092
gcp,Northamerica Northeast 1b,n1-standard-8,0.4184
gcp,Northamerica Northeast 1b,n1-standard-16,0.8368
gcp,Northamerica Northeast 1b,n1-standard-32,1.6736
gcp,Northamerica Northeast 1b,n1-standard-64,3.3472
gcp,Southamerica East 1b,n1-standard-1,0.0754
gcp,Southamerica East 1b,n1-standard-2,0.1508
gcp,Southamerica East 1b,n1-standard-4,0.3017
gcp,Southamerica East 1b,n1-standard-8,0.6034
gcp,Southamerica East 1b,n1-standard-16,1.2068
gcp,Southamerica East 1b,n1-standard-32,2.4136
gcp,Southamerica East 1b,n1-standard-64,4.8271
gcp,Europe West 1b,n1-standard-1,0.0523
gcp,Europe West 1b,n1-standard-2,0.1046
gcp,Europe West 1b,n1-standard-4,0.2092
gcp,Europe West 1b,n1-standard-8,0.4184
gcp,Europe West 1b,n1-standard-16,0.8368
gcp,Europe West 1b,n1-standard-32,1.6736
gcp,Europe West 1b,n1-standard-64,3.3472
gcp,Europe North 1b,n1-standard-1,0.0523
gcp,Europe North 1b,n1-standard-2,0.1046
gcp,Europe North 1b,n1-standard-4,0.2092
gcp,Europe North 1b,n1-standard-8,0.4184
gcp,Europe North 1b,n1-standard-16,0.8368
gcp,Europe North 1b,n1-standard-32,1.6736
gcp,Europe North 1b,n1-standard-64,3.3472
gcp,Europe West 3b,n1-standard-1,0.0612
gcp,Europe West 3b,n1-standard-2,0.1224
gcp,Europe West 3b,n1-standard-4,0.2448
gcp,Europe West 3b,n1-standard-8,0.4896
gcp,Europe West 3b,n1-standard-16,0.9792
gcp,Europe West 3b,n1-standard-32,1.9584
gcp,Europe West 3b,n1-standard-64,3.9168
gcp,Europe West 2b,n1-standard-1,0.0612
gcp,Europe West 2b,n1-standard-2,0.1224
gcp,Europe West 2b,n1-standard-4,0.2448
gcp,Europe West 2b,n1-standard-8,0.4896
gcp,Europe West 2b,n1-standard-16,0.9792
gcp,Europe West 2b,n1-standard-32,1.9584
gcp,Europe West 2b,n1-standard-64,3.9168
gcp,Europe West 4b,n1-standard-1,0.0523
gcp,Europe West 4b,n1-standard-2,0.1046
gcp,Europe West 4b,n1-standard-4,0.2092
gcp,Europe West 4b,n1-standard-8,0.4184
gcp,Europe West 4b,n1-standard-16,0.8368
gcp,Europe West 4b,n1-standard-32,1.6736
gcp,Europe West 4b,n1-standard-64,3.3472
gcp,Europe West 6b,n1-standard-1,0.0665
gcp,Europe West 6b,n1-standard-2,0.1329
gcp,Europe West 6b,n1-standard-4,0.2658
gcp,Europe West 6b,n1-standard-8,0.5317
gcp,Europe West 6b,n1-standard-16,1.0634
gcp,Europe West 6b,n1-standard-32,2.1268
gcp,Europe West 6b,n1-standard-64,4.2535
gcp,Asia South 1b,n1-standard-1,0.057
gcp,Asia South 1b,n1-standard-2,0.1141
gcp,Asia South 1b,n1-standard-4,0.2282
gcp,Asia South 1b,n1-standard-8,0.4564
gcp,Asia South 1b,n1-standard-16,0.9127
gcp,Asia South 1b,n1-standard-32,1.8255
gcp,Asia South 1b,n1-standard-64,3.651
gcp,Asia Southeast 1b,n1-standard-1,0.0586
gcp,Asia Southeast 1b,n1-standard-2,0.1172
gcp,Asia Southeast 1b,n1-standard-4,0.2344
gcp,Asia Southeast 1b,n1-standard-8,0.4688
gcp,Asia Southeast 1b,n1-standard-16,0.9376
gcp,Asia Southeast 1b,n1-standard-32,1.8752
gcp,Asia Southeast 1b,n1-standard-64,3.7504
gcp,Asia Southeast 2b,n1-standard-1,0.0639
gcp,Asia Southeast 2b,n1-standard-2,0.1277
gcp,Asia Southeast 2b,n1-standard-4,0.2555
gcp,Asia Southeast 2b,n1-standard-8,0.511
gcp,Asia Southeast 2b,n1-standard-16,1.022
gcp,Asia Southeast 2b,n1-standard-32,2.044
gcp,Asia Southeast 2b,n1-standard-64,4.0879
gcp,Australia Southeast 1b,n1-standard-1,0.0674
gcp,Australia Southeast 1b,n1-standard-2,0.1348
gcp,Australia Southeast 1b,n1-standard-4,0.2697
gcp,Australia Southeast 1b,n1-standard-8,0.5393
gcp,Australia Southeast 1b,n1-standard-16,1.0787
gcp,Australia Southeast 1b,n1-standard-32,2.1574
gcp,Australia Southeast 1b,n1-standard-64,4.3147
gcp,Asia East 2b,n1-standard-1,0.055
gcp,Asia East 2b,n1-standard-2,0.11
gcp,Asia East 2b,n1-standard-4,0.22
gcp,Asia East 2b,n1-standard-8,0.44
gcp,Asia East 2b,n1-standard-16,0.88
gcp,Asia East 2b,n1-standard-32,1.76
gcp,Asia East 2b,n1-standard-64,3.52
gcp,Asia East 1b,n1-standard-1,0.0665
gcp,Asia East 1b,n1-standard-2,0.1329
gcp,Asia East 1b,n1-standard-4,0.2658
gcp,Asia East 1b,n1-standard-8,0.5317
gcp,Asia East 1b,n1-standard-16,1.0634
gcp,Asia East 1b,n1-standard-32,2.1268
gcp,Asia East 1b,n1-standard-64,4.2535
gcp,Asia Northeast 1b,n1-standard-1,0.061
gcp,Asia Northeast 1b,n1-standard-2,0.122
gcp,Asia Northeast 1b,n1-standard-4,0.244
gcp,Asia Northeast 1b,n1-standard-8,0.488
gcp,Asia Northeast 1b,n1-standard-16,0.976
gcp,Asia Northeast 1b,n1-standard-32,1.952
gcp,Asia Northeast 1b,n1-standard-64,3.904
gcp,Asia Northeast 2b,n1-standard-1,0.061
gcp,Asia Northeast 2b,n1-standard-2,0.122
gcp,Asia Northeast 2b,n1-standard-4,0.244
gcp,Asia Northeast 2b,n1-standard-8,0.488
gcp,Asia Northeast 2b,n1-standard-16,0.976
gcp,Asia Northeast 2b,n1-standard-32,1.952
gcp,Asia Northeast 2b,n1-standard-64,3.904
gcp,Asia Northeast 3b,n1-standard-1,0.061
gcp,Asia Northeast 3b,n1-standard-2,0.122
gcp,Asia Northeast 3b,n1-standard-4,0.244
gcp,Asia Northeast 3b,n1-standard-8,0.488
gcp,Asia Northeast 3b,n1-standard-16,0.976
gcp,Asia Northeast 3b,n1-standard-32,1.952
gcp,Asia Northeast 3b,n1-standard-64,3.904
gcp,US Central 1b,n1-high-mem-2,0.118303
gcp,US Central 1b,n1-high-mem-4,0.236606
gcp,US Central 1b,n1-high-mem-8,0.473212
gcp,US Central 1b,n1-high-mem-16,0.946424
gcp,US Central 1b,n1-high-mem-32,1.892848
gcp,US Central 1b,n1-high-mem-64,3.785696
gcp,US West 1b,n1-high-mem-2,0.118303
gcp,US West 1b,n1-high-mem-4,0.236606
gcp,US West 1b,n1-high-mem-8,0.473212
gcp,US West 1b,n1-high-mem-16,0.946424
gcp,US West 1b,n1-high-mem-32,1.892848
gcp,US West 1b,n1-high-mem-64,3.785696
gcp,US West 2b,n1-high-mem-2,0.1421
gcp,US West 2b,n1-high-mem-4,0.2842
gcp,US West 2b,n1-high-mem-8,0.5684
gcp,US West 2b,n1-high-mem-16,1.1368
gcp,US West 2b,n1-high-mem-32,2.2736
gcp,US West 2b,n1-high-mem-64,4.5472
gcp,US West 3b,n1-high-mem-2,0.1421
gcp,US West 3b,n1-high-mem-4,0.2842
gcp,US West 3b,n1-high-mem-8,0.5684
gcp,US West 3b,n1-high-mem-16,1.1368
gcp,US West 3b,n1-high-mem-32,2.2736
gcp,US West 3b,n1-high-mem-64,4.5472
gcp,US West 4b,n1-high-mem-2,0.1348
gcp,US West 4b,n1-high-mem-4,0.2696
gcp,US West 4b,n1-high-mem-8,0.5393
gcp,US West 4b,n1-high-mem-16,1.0786
gcp,US West 4b,n1-high-mem-32,2.1571
gcp,US West 4b,n1-high-mem-64,4.3142
gcp,US East 4b,n1-high-mem-2,0.1332
gcp,US East 4b,n1-high-mem-4,0.2665
gcp,US East 4b,n1-high-mem-8,0.5329
gcp,US East 4b,n1-high-mem-16,1.0659
gcp,US East 4b,n1-high-mem-32,2.1317
gcp,US East 4b,n1-high-mem-64,4.2635
gcp,US East 1b,n1-high-mem-2,0.118303
gcp,US East 1b,n1-high-mem-4,0.236606
gcp,US East 1b,n1-high-mem-8,0.473212
gcp,US East 1b,n1-high-mem-16,0.946424
gcp,US East 1b,n1-high-mem-32,1.892848
gcp,US East 1b,n1-high-mem-64,3.785696
gcp,Northamerica Northeast 1b,n1-high-mem-2,0.1303
gcp,Northamerica Northeast 1b,n1-high-mem-4,0.2606
gcp,Northamerica Northeast 1b,n1-high-mem-8,0.5212
gcp,Northamerica Northeast 1b,n1-high-mem-16,1.0424
gcp,Northamerica Northeast 1b,n1-high-mem-32,2.0848
gcp,Northamerica Northeast 1b,n1-high-mem-64,4.1696
gcp,Southamerica East 1b,n1-high-mem-2,0.1879
gcp,Southamerica East 1b,n1-high-mem-4,0.3757
gcp,Southamerica East 1b,n1-high-mem-8,0.7514
gcp,Southamerica East 1b,n1-high-mem-16,1.5029
gcp,Southamerica East 1b,n1-high-mem-32,3.0057
gcp,Southamerica East 1b,n1-high-mem-64,6.0114
gcp,Europe West 1b,n1-high-mem-2,0.1302
gcp,Europe West 1b,n1-high-mem-4,0.2604
gcp,Europe West 1b,n1-high-mem-8,0.5208
gcp,Europe West 1b,n1-high-mem-16,1.0416
gcp,Europe West 1b,n1-high-mem-32,2.0832
gcp,Europe West 1b,n1-high-mem-64,4.1664
gcp,Europe North 1b,n1-high-mem-2,0.1303
gcp,Europe North 1b,n1-high-mem-4,0.2606
gcp,Europe North 1b,n1-high-mem-8,0.5212
gcp,Europe North 1b,n1-high-mem-16,1.0424
gcp,Europe North 1b,n1-high-mem-32,2.0848
gcp,Europe North 1b,n1-high-mem-64,4.1696
gcp,Europe West 3b,n1-high-mem-2,0.1523
gcp,Europe West 3b,n1-high-mem-4,0.3046
gcp,Europe West 3b,n1-high-mem-8,0.6092
gcp,Europe West 3b,n1-high-mem-16,1.2184
gcp,Europe West 3b,n1-high-mem-32,2.4368
gcp,Europe West 3b,n1-high-mem-64,4.8736
gcp,Europe West 2b,n1-high-mem-2,0.1523
gcp,Europe West 2b,n1-high-mem-4,0.3046
gcp,Europe West 2b,n1-high-mem-8,0.6092
gcp,Europe West 2b,n1-high-mem-16,1.2184
gcp,Europe West 2b,n1-high-mem-32,2.4368
gcp,Europe West 2b,n1-high-mem-64,4.8736
gcp,Europe West 4b,n1-high-mem-2,0.1303
gcp,Europe West 4b,n1-high-mem-4,0.2606
gcp,Europe West 4b,n1-high-mem-8,0.5212
gcp,Europe West 4b,n1-high-mem-16,1.0424
gcp,Europe West 4b,n1-high-mem-32,2.0848
gcp,Europe West 4b,n1-high-mem-64,4.1696
gcp,Europe West 6b,n1-high-mem-2,0.1655
gcp,Europe West 6b,n1-high-mem-4,0.3311
gcp,Europe West 6b,n1-high-mem-8,0.6621
gcp,Europe West 6b,n1-high-mem-16,1.3242
gcp,Europe West 6b,n1-high-mem-32,2.6484
gcp,Europe West 6b,n1-high-mem-64,5.2968
gcp,Asia South 1b,n1-high-mem-2,0.1421
gcp,Asia South 1b,n1-high-mem-4,0.2842
gcp,Asia South 1b,n1-high-mem-8,0.5683
gcp,Asia South 1b,n1-high-mem-16,1.1366
gcp,Asia South 1b,n1-high-mem-32,2.2732
gcp,Asia South 1b,n1-high-mem-64,4.5465
gcp,Asia Southeast 1b,n1-high-mem-2,0.146
gcp,Asia Southeast 1b,n1-high-mem-4,0.292
gcp,Asia Southeast 1b,n1-high-mem-8,0.584
gcp,Asia Southeast 1b,n1-high-mem-16,1.168
gcp,Asia Southeast 1b,n1-high-mem-32,2.336
gcp,Asia Southeast 1b,n1-high-mem-64,4.672
gcp,Asia Southeast 2b,n1-high-mem-2,0.1591
gcp,Asia Southeast 2b,n1-high-mem-4,0.3183
gcp,Asia Southeast 2b,n1-high-mem-8,0.6366
gcp,Asia Southeast 2b,n1-high-mem-16,1.2731
gcp,Asia Southeast 2b,n1-high-mem-32,2.5462
gcp,Asia Southeast 2b,n1-high-mem-64,5.0925
gcp,Australia Southeast 1b,n1-high-mem-2,0.1679
gcp,Australia Southeast 1b,n1-high-mem-4,0.3358
gcp,Australia Southeast 1b,n1-high-mem-8,0.6716
gcp,Australia Southeast 1b,n1-high-mem-16,1.3431
gcp,Australia Southeast 1b,n1-high-mem-32,2.6862
gcp,Australia Southeast 1b,n1-high-mem-64,5.3725
gcp,Asia East 2b,n1-high-mem-2,0.137
gcp,Asia East 2b,n1-high-mem-4,0.274
gcp,Asia East 2b,n1-high-mem-8,0.548
gcp,Asia East 2b,n1-high-mem-16,1.096
gcp,Asia East 2b,n1-high-mem-32,2.192
gcp,Asia East 2b,n1-high-mem-64,4.384
gcp,Asia East 1b,n1-high-mem-2,0.1655
gcp,Asia East 1b,n1-high-mem-4,0.3311
gcp,Asia East 1b,n1-high-mem-8,0.6621
gcp,Asia East 1b,n1-high-mem-16,1.3242
gcp,Asia East 1b,n1-high-mem-32,2.6484
gcp,Asia East 1b,n1-high-mem-64,5.2968
gcp,Asia Northeast 1b,n1-high-mem-2,0.1517
gcp,Asia Northeast 1b,n1-high-mem-4,0.3034
gcp,Asia Northeast 1b,n1-high-mem-8,0.6068
gcp,Asia Northeast 1b,n1-high-mem-16,1.2136
gcp,Asia Northeast 1b,n1-high-mem-32,2.4272
gcp,Asia Northeast 1b,n1-high-mem-64,4.8544
gcp,Asia Northeast 2b,n1-high-mem-2,0.1517
gcp,Asia Northeast 2b,n1-high-mem-4,0.3034
gcp,Asia Northeast 2b,n1-high-mem-8,0.6068
gcp,Asia Northeast 2b,n1-high-mem-16,1.2136
gcp,Asia Northeast 2b,n1-high-mem-32,2.4272
gcp,Asia Northeast 2b,n1-high-mem-64,4.8544
gcp,Asia Northeast 3b,n1-high-mem-2,0.1517
gcp,Asia Northeast 3b,n1-high-mem-4,0.3034
gcp,Asia Northeast 3b,n1-high-mem-8,0.6068
gcp,Asia Northeast 3b,n1-high-mem-16,1.2136
gcp,Asia Northeast 3b,n1-high-mem-32,2.4272
gcp,Asia Northeast 3b,n1-high-mem-64,4.8544
gcp,US Central 1b,n1-high-cpu-2,0.0708486
gcp,US Central 1b,n1-high-cpu-4,0.1416972
gcp,US Central 1b,n1-high-cpu-8,0.2833944
gcp,US Central 1b,n1-high-cpu-16,0.5667888
gcp,US Central 1b,n1-high-cpu-32,1.1335776
gcp,US Central 1b,n1-high-cpu-64,2.2671552
gcp,US West 1b,n1-high-cpu-2,0.0708486
gcp,US West 1b,n1-high-cpu-4,0.1416972
gcp,US West 1b,n1-high-cpu-8,0.2833944
gcp,US West 1b,n1-high-cpu-16,0.5667888
gcp,US West 1b,n1-high-cpu-32,1.1335776
gcp,US West 1b,n1-high-cpu-64,2.2671552
gcp,US West 2b,n1-high-cpu-2,0.0851
gcp,US West 2b,n1-high-cpu-4,0.1702
gcp,US West 2b,n1-high-cpu-8,0.3404
gcp,US West 2b,n1-high-cpu-16,0.6808
gcp,US West 2b,n1-high-cpu-32,1.3616
gcp,US West 2b,n1-high-cpu-64,2.7232
gcp,US West 3b,n1-high-cpu-2,0.0851
gcp,US West 3b,n1-high-cpu-4,0.1702
gcp,US West 3b,n1-high-cpu-8,0.3404
gcp,US West 3b,n1-high-cpu-16,0.6808
gcp,US West 3b,n1-high-cpu-32,1.3616
gcp,US West 3b,n1-high-cpu-64,2.7232
gcp,US West 4b,n1-high-cpu-2,0.0813
gcp,US West 4b,n1-high-cpu-4,0.1626
gcp,US West 4b,n1-high-cpu-8,0.3253
gcp,US West 4b,n1-high-cpu-16,0.6506
gcp,US West 4b,n1-high-cpu-32,1.3011
gcp,US West 4b,n1-high-cpu-64,2.6022
gcp,US East 4b,n1-high-cpu-2,0.0813
gcp,US East 4b,n1-high-cpu-4,0.1626
gcp,US East 4b,n1-high-cpu-8,0.3253
gcp,US East 4b,n1-high-cpu-16,0.6506
gcp,US East 4b,n1-high-cpu-32,1.3011
gcp,US East 4b,n1-high-cpu-64,2.6022
gcp,US East 1b,n1-high-cpu-2,0.0708486
gcp,US East 1b,n1-high-cpu-4,0.1416972
gcp,US East 1b,n1-high-cpu-8,0.2833944
gcp,US East 1b,n1-high-cpu-16,0.5667888
gcp,US East 1b,n1-high-cpu-32,1.1335776
gcp,US East 1b,n1-high-cpu-64,2.2671552
gcp,Northamerica Northeast 1b,n1-high-cpu-2,0.0781
gcp,Northamerica Northeast 1b,n1-high-cpu-4,0.1562
gcp,Northamerica Northeast 1b,n1-high-cpu-8,0.3124
gcp,Northamerica Northeast 1b,n1-high-cpu-16,0.6248
gcp,Northamerica Northeast 1b,n1-high-cpu-32,1.2496
gcp,Northamerica Northeast 1b,n1-high-cpu-64,2.4992
gcp,Southamerica East 1b,n1-high-cpu-2,0.1125
gcp,Southamerica East 1b,n1-high-cpu-4,0.225
gcp,Southamerica East 1b,n1-high-cpu-8,0.45
gcp,Southamerica East 1b,n1-high-cpu-16,0.8999
gcp,Southamerica East 1b,n1-high-cpu-32,1.7999
gcp,Southamerica East 1b,n1-high-cpu-64,3.5998
gcp,Europe West 1b,n1-high-cpu-2,0.078
gcp,Europe West 1b,n1-high-cpu-4,0.156
gcp,Europe West 1b,n1-high-cpu-8,0.312
gcp,Europe West 1b,n1-high-cpu-16,0.624
gcp,Europe West 1b,n1-high-cpu-32,1.248
gcp,Europe West 1b,n1-high-cpu-64,2.496
gcp,Europe North 1b,n1-high-cpu-2,0.0781
gcp,Europe North 1b,n1-high-cpu-4,0.1562
gcp,Europe North 1b,n1-high-cpu-8,0.3124
gcp,Europe North 1b,n1-high-cpu-16,0.6248
gcp,Europe North 1b,n1-high-cpu-32,1.2496
gcp,Europe North 1b,n1-high-cpu-64,2.4992
gcp,Europe West 3b,n1-high-cpu-2,0.0912
gcp,Europe West 3b,n1-high-cpu-4,0.1824
gcp,Europe West 3b,n1-high-cpu-8,0.3648
gcp,Europe West 3b,n1-high-cpu-16,0.7296
gcp,Europe West 3b,n1-high-cpu-32,1.4592
gcp,Europe West 3b,n1-high-cpu-64,2.9184
gcp,Europe West 2b,n1-high-cpu-2,0.0912
gcp,Europe West 2b,n1-high-cpu-4,0.1824
gcp,Europe West 2b,n1-high-cpu-8,0.3648
gcp,Europe West 2b,n1-high-cpu-16,0.7296
gcp,Europe West 2b,n1-high-cpu-32,1.4592
gcp,Europe West 2b,n1-high-cpu-64,2.9184
gcp,Europe West 4b,n1-high-cpu-2,0.0781
gcp,Europe West 4b,n1-high-cpu-4,0.1562
gcp,Europe West 4b,n1-high-cpu-8,0.3124
gcp,Europe West 4b,n1-high-cpu-16,0.6248
gcp,Europe West 4b,n1-high-cpu-32,1.2496
gcp,Europe West 4b,n1-high-cpu-64,2.4992
gcp,Europe West 6b,n1-high-cpu-2,0.0991
gcp,Europe West 6b,n1-high-cpu-4,0.1983
gcp,Europe West 6b,n1-high-cpu-8,0.3965
gcp,Europe West 6b,n1-high-cpu-16,0.7931
gcp,Europe West 6b,n1-high-cpu-32,1.5861
gcp,Europe West 6b,n1-high-cpu-64,3.1722
gcp,Asia South 1b,n1-high-cpu-2,0.0851
gcp,Asia South 1b,n1-high-cpu-4,0.1702
gcp,Asia South 1b,n1-high-cpu-8,0.3404
gcp,Asia South 1b,n1-high-cpu-16,0.6807
gcp,Asia South 1b,n1-high-cpu-32,1.3615
gcp,Asia South 1b,n1-high-cpu-64,2.7229
gcp,Asia Southeast 1b,n1-high-cpu-2,0.0874
gcp,Asia Southeast 1b,n1-high-cpu-4,0.1748
gcp,Asia Southeast 1b,n1-high-cpu-8,0.3496
gcp,Asia Southeast 1b,n1-high-cpu-16,0.6992
gcp,Asia Southeast 1b,n1-high-cpu-32,1.3984
gcp,Asia Southeast 1b,n1-high-cpu-64,2.7968
gcp,Asia Southeast 2b,n1-high-cpu-2,0.0773
gcp,Asia Southeast 2b,n1-high-cpu-4,0.1546
gcp,Asia Southeast 2b,n1-high-cpu-8,0.3091
gcp,Asia Southeast 2b,n1-high-cpu-16,0.6182
gcp,Asia Southeast 2b,n1-high-cpu-32,1.2365
gcp,Asia Southeast 2b,n1-high-cpu-64,2.473
gcp,Australia Southeast 1b,n1-high-cpu-2,0.1006
gcp,Australia Southeast 1b,n1-high-cpu-4,0.2012
gcp,Australia Southeast 1b,n1-high-cpu-8,0.4023
gcp,Australia Southeast 1b,n1-high-cpu-16,0.8046
gcp,Australia Southeast 1b,n1-high-cpu-32,1.6092
gcp,Australia Southeast 1b,n1-high-cpu-64,3.2185
gcp,Asia East 2b,n1-high-cpu-2,0.0821
gcp,Asia East 2b,n1-high-cpu-4,0.1642
gcp,Asia East 2b,n1-high-cpu-8,0.3284
gcp,Asia East 2b,n1-high-cpu-16,0.6568
gcp,Asia East 2b,n1-high-cpu-32,1.3136
gcp,Asia East 2b,n1-high-cpu-64,2.6272
gcp,Asia East 1b,n1-high-cpu-2,0.0991
gcp,Asia East 1b,n1-high-cpu-4,0.1983
gcp,Asia East 1b,n1-high-cpu-8,0.3965
gcp,Asia East 1b,n1-high-cpu-16,0.7931
gcp,Asia East 1b,n1-high-cpu-32,1.5861
gcp,Asia East 1b,n1-high-cpu-64,3.1722
gcp,Asia Northeast 1b,n1-high-cpu-2,0.091
gcp,Asia Northeast 1b,n1-high-cpu-4,0.182
gcp,Asia Northeast 1b,n1-high-cpu-8,0.364
gcp,Asia Northeast 1b,n1-high-cpu-16,0.728
gcp,Asia Northeast 1b,n1-high-cpu-32,1.456
gcp,Asia Northeast 1b,n1-high-cpu-64,2.912
gcp,Asia Northeast 2b,n1-high-cpu-2,0.091
gcp,Asia Northeast 2b,n1-high-cpu-4,0.182
gcp,Asia Northeast 2b,n1-high-cpu-8,0.364
gcp,Asia Northeast 2b,n1-high-cpu-16,0.728
gcp,Asia Northeast 2b,n1-high-cpu-32,1.456
gcp,Asia Northeast 2b,n1-high-cpu-64,2.912
gcp,Asia Northeast 3b,n1-high-cpu-2,0.091
gcp,Asia Northeast 3b,n1-high-cpu-4,0.182
gcp,Asia Northeast 3b,n1-high-cpu-8,0.364
gcp,Asia Northeast 3b,n1-high-cpu-16,0.728
gcp,Asia Northeast 3b,n1-high-cpu-32,1.456
gcp,Asia Northeast 3b,n1-high-cpu-64,2.912
gcp,US Central 1b,c2-standard-4,0.2088
gcp,US Central 1b,c2-standard-8,0.4176
gcp,US Central 1b,c2-standard-16,0.8352
gcp,US Central 1b,c2-standard-30,1.566
gcp,US Central 1b,c2-standard-60,3.1321
gcp,US West 2b,c2-standard-4,0.250808
gcp,US West 2b,c2-standard-8,0.501616
gcp,US West 2b,c2-standard-16,1.003232
gcp,US West 2b,c2-standard-30,1.88106
gcp,US West 2b,c2-standard-60,3.76212
gcp,US West 4b,c2-standard-4,0.2351
gcp,US West 4b,c2-standard-8,0.4703
gcp,US West 4b,c2-standard-16,0.9406
gcp,US West 4b,c2-standard-30,1.7637
gcp,US West 4b,c2-standard-60,3.5274
gcp,US East 4b,c2-standard-4,0.2351
gcp,US East 4b,c2-standard-8,0.4703
gcp,US East 4b,c2-standard-16,0.9406
gcp,US East 4b,c2-standard-30,1.7637
gcp,US East 4b,c2-standard-60,3.5274
gcp,US East 1b,c2-standard-4,0.2088
gcp,US East 1b,c2-standard-8,0.4176
gcp,US East 1b,c2-standard-16,0.8352
gcp,US East 1b,c2-standard-30,1.566
gcp,US East 1b,c2-standard-60,3.1321
gcp,Europe West 1b,c2-standard-4,0.2297
gcp,Europe West 1b,c2-standard-8,0.4594
gcp,Europe West 1b,c2-standard-16,0.9188
gcp,Europe West 1b,c2-standard-30,1.7227
gcp,Europe West 1b,c2-standard-60,3.4455
gcp,Europe West 3b,c2-standard-4,0.269
gcp,Europe West 3b,c2-standard-8,0.538
gcp,Europe West 3b,c2-standard-16,1.076
gcp,Europe West 3b,c2-standard-30,2.0175
gcp,Europe West 3b,c2-standard-60,4.0351
gcp,Europe West 2b,c2-standard-4,0.269012
gcp,Europe West 2b,c2-standard-8,0.538024
gcp,Europe West 2b,c2-standard-16,1.076048
gcp,Europe West 2b,c2-standard-30,2.01759
gcp,Europe West 2b,c2-standard-60,4.03518
gcp,Europe West 4b,c2-standard-4,0.2297
gcp,Europe West 4b,c2-standard-8,0.4594
gcp,Europe West 4b,c2-standard-16,0.9187
gcp,Europe West 4b,c2-standard-30,1.7226
gcp,Europe West 4b,c2-standard-60,3.4453
gcp,Asia South 1b,c2-standard-4,0.2508
gcp,Asia South 1b,c2-standard-8,0.5016
gcp,Asia South 1b,c2-standard-16,1.0032
gcp,Asia South 1b,c2-standard-30,1.8809
gcp,Asia South 1b,c2-standard-60,3.7619
gcp,Asia Southeast 1b,c2-standard-4,0.257584
gcp,Asia Southeast 1b,c2-standard-8,0.515168
gcp,Asia Southeast 1b,c2-standard-16,1.030336
gcp,Asia Southeast 1b,c2-standard-30,1.93188
gcp,Asia Southeast 1b,c2-standard-60,3.86376
gcp,Asia East 1b,c2-standard-4,0.241772
gcp,Asia East 1b,c2-standard-8,0.483544
gcp,Asia East 1b,c2-standard-16,0.967088
gcp,Asia East 1b,c2-standard-30,1.81329
gcp,Asia East 1b,c2-standard-60,3.62658
gcp,Asia Northeast 1b,c2-standard-4,0.267856
gcp,Asia Northeast 1b,c2-standard-8,0.535712
gcp,Asia Northeast 1b,c2-standard-16,1.071424
gcp,Asia Northeast 1b,c2-standard-30,2.00892
gcp,Asia Northeast 1b,c2-standard-60,4.01784
