,region,os,vm_type,vcpu,memory,price
0,asia-southeast,free,CP-COMPUTEENGINE-VMIMAGE-N1-HIGHCPU-96,96,86.4,4.1952
1,asia-southeast,free,CP-COMPUTEENGINE-VMIMAGE-G1-SMALL,1,1.7,0.0311
2,asia-southeast,free,CP-COMPUTEENGINE-VMIMAGE-N1-HIGHMEM-32,32,208,2.336
3,asia-southeast,free,CP-COMPUTEENGINE-VMIMAGE-N1-HIGHCPU-64,64,57.6,2.7968
4,asia-southeast,free,CP-COMPUTEENGINE-VMIMAGE-N1-HIGHMEM-16,16,104,1.168
5,asia-southeast,free,CP-COMPUTEENGINE-VMIMAGE-F1-MICRO,1,0.6,0.0092
6,asia-southeast,free,CP-COMPUTEENGINE-VMIMAGE-N1-STANDARD-64,64,240,3.7504
7,asia-southeast,free,CP-COMPUTEENGINE-VMIMAGE-N1-HIGHMEM-2,2,13,0.146
8,asia-southeast,free,CP-COMPUTEENGINE-VMIMAGE-N1-HIGHCPU-2,2,1.8,0.0874
9,asia-southeast,free,CP-COMPUTEENGINE-VMIMAGE-N1-HIGHMEM-4,4,26,0.292
10,asia-southeast,free,CP-COMPUTEENGINE-VMIMAGE-N1-HIGHCPU-4,4,3.6,0.1748
11,asia-southeast,free,CP-COMPUTEENGINE-VMIMAGE-N1-MEGAMEM-96,96,1433.6,12.5466
12,asia-southeast,free,CP-COMPUTEENGINE-VMIMAGE-N1-HIGHMEM-8,8,52,0.584
13,asia-southeast,free,CP-COMPUTEENGINE-VMIMAGE-N1-HIGHCPU-8,8,7.2,0.3496
14,asia-southeast,free,CP-COMPUTEENGINE-VMIMAGE-N1-STANDARD-1,1,3.75,0.0586
15,asia-southeast,free,CP-COMPUTEENGINE-VMIMAGE-N1-STANDARD-2,2,7.5,0.1172
16,asia-southeast,free,CP-COMPUTEENGINE-VMIMAGE-N1-HIGHCPU-32,32,28.8,1.3984
17,asia-southeast,free,CP-COMPUTEENGINE-VMIMAGE-N1-STANDARD-8,8,30,0.4688
18,asia-southeast,free,CP-COMPUTEENGINE-VMIMAGE-N1-HIGHCPU-16,16,14.4,0.6992
19,asia-southeast,free,CP-COMPUTEENGINE-VMIMAGE-N1-STANDARD-32,32,120,1.8752
20,asia-southeast,free,CP-COMPUTEENGINE-VMIMAGE-N1-HIGHMEM-64,64,416,4.672
21,asia-southeast,free,CP-COMPUTEENGINE-VMIMAGE-N1-HIGHMEM-96,96,624,7.008
22,asia-southeast,free,CP-COMPUTEENGINE-VMIMAGE-N1-STANDARD-16,16,60,0.9376
23,asia-southeast,free,CP-COMPUTEENGINE-VMIMAGE-N1-STANDARD-96,96,360,5.6256
24,asia-southeast,free,CP-COMPUTEENGINE-VMIMAGE-N1-STANDARD-4,4,15,0.2344
25,us-east1,free,CP-COMPUTEENGINE-VMIMAGE-N1-HIGHCPU-96,96,86.4,3.402
26,us-east1,free,CP-COMPUTEENGINE-VMIMAGE-N1-ULTRAMEM-160,160,3844,25.2156
27,us-east1,free,CP-COMPUTEENGINE-VMIMAGE-G1-SMALL,1,1.7,0.0257
28,us-east1,free,CP-COMPUTEENGINE-VMIMAGE-N1-HIGHMEM-32,32,208,1.8944
29,us-east1,free,CP-COMPUTEENGINE-VMIMAGE-N1-HIGHCPU-64,64,57.6,2.2688
30,us-east1,free,CP-COMPUTEENGINE-VMIMAGE-N1-HIGHMEM-16,16,104,0.9472
31,us-east1,free,CP-COMPUTEENGINE-VMIMAGE-F1-MICRO,1,0.6,0.0076
32,us-east1,free,CP-COMPUTEENGINE-VMIMAGE-N1-STANDARD-64,64,240,3.04
33,us-east1,free,CP-COMPUTEENGINE-VMIMAGE-N1-HIGHMEM-2,2,13,0.1184
34,us-east1,free,CP-COMPUTEENGINE-VMIMAGE-N1-HIGHCPU-2,2,1.8,0.0709
35,us-east1,free,CP-COMPUTEENGINE-VMIMAGE-N1-HIGHMEM-4,4,26,0.2368
36,us-east1,free,CP-COMPUTEENGINE-VMIMAGE-N1-HIGHCPU-4,4,3.6,0.1418
37,us-east1,free,CP-COMPUTEENGINE-VMIMAGE-N1-MEGAMEM-96,96,1433.6,10.674
38,us-east1,free,CP-COMPUTEENGINE-VMIMAGE-N1-HIGHMEM-8,8,52,0.4736
39,us-east1,free,CP-COMPUTEENGINE-VMIMAGE-N1-HIGHCPU-8,8,7.2,0.2836
40,us-east1,free,CP-COMPUTEENGINE-VMIMAGE-N1-STANDARD-1,1,3.75,0.0475
41,us-east1,free,CP-COMPUTEENGINE-VMIMAGE-N1-STANDARD-2,2,7.5,0.095
42,us-east1,free,CP-COMPUTEENGINE-VMIMAGE-N1-HIGHCPU-32,32,28.8,1.1344
43,us-east1,free,CP-COMPUTEENGINE-VMIMAGE-N1-STANDARD-8,8,30,0.38
44,us-east1,free,CP-COMPUTEENGINE-VMIMAGE-N1-HIGHCPU-16,16,14.4,0.5672
45,us-east1,free,CP-COMPUTEENGINE-VMIMAGE-N1-ULTRAMEM-80,80,1922,12.6078
46,us-east1,free,CP-COMPUTEENGINE-VMIMAGE-N1-STANDARD-32,32,120,1.52
47,us-east1,free,CP-COMPUTEENGINE-VMIMAGE-N1-HIGHMEM-64,64,416,3.7888
48,us-east1,free,CP-COMPUTEENGINE-VMIMAGE-N1-ULTRAMEM-40,40,961,6.3039
49,us-east1,free,CP-COMPUTEENGINE-VMIMAGE-N1-HIGHMEM-96,96,624,5.6832
50,us-east1,free,CP-COMPUTEENGINE-VMIMAGE-N1-STANDARD-16,16,60,0.76
51,us-east1,free,CP-COMPUTEENGINE-VMIMAGE-N1-STANDARD-96,96,360,4.56
52,us-east1,free,CP-COMPUTEENGINE-VMIMAGE-N1-STANDARD-4,4,15,0.19
53,us-west1,free,CP-COMPUTEENGINE-VMIMAGE-N1-HIGHCPU-96,96,86.4,3.402
54,us-west1,free,CP-COMPUTEENGINE-VMIMAGE-N1-ULTRAMEM-160,160,3844,25.2156
55,us-west1,free,CP-COMPUTEENGINE-VMIMAGE-G1-SMALL,1,1.7,0.0257
56,us-west1,free,CP-COMPUTEENGINE-VMIMAGE-N1-HIGHMEM-32,32,208,1.8944
57,us-west1,free,CP-COMPUTEENGINE-VMIMAGE-N1-HIGHCPU-64,64,57.6,2.2688
58,us-west1,free,CP-COMPUTEENGINE-VMIMAGE-N1-HIGHMEM-16,16,104,0.9472
59,us-west1,free,CP-COMPUTEENGINE-VMIMAGE-F1-MICRO,1,0.6,0.0076
60,us-west1,free,CP-COMPUTEENGINE-VMIMAGE-N1-STANDARD-64,64,240,3.04
61,us-west1,free,CP-COMPUTEENGINE-VMIMAGE-N1-HIGHMEM-2,2,13,0.1184
62,us-west1,free,CP-COMPUTEENGINE-VMIMAGE-N1-HIGHCPU-2,2,1.8,0.0709
63,us-west1,free,CP-COMPUTEENGINE-VMIMAGE-N1-HIGHMEM-4,4,26,0.2368
64,us-west1,free,CP-COMPUTEENGINE-VMIMAGE-N1-HIGHCPU-4,4,3.6,0.1418
65,us-west1,free,CP-COMPUTEENGINE-VMIMAGE-N1-MEGAMEM-96,96,1433.6,10.674
66,us-west1,free,CP-COMPUTEENGINE-VMIMAGE-N1-HIGHMEM-8,8,52,0.4736
67,us-west1,free,CP-COMPUTEENGINE-VMIMAGE-N1-HIGHCPU-8,8,7.2,0.2836
68,us-west1,free,CP-COMPUTEENGINE-VMIMAGE-N1-STANDARD-1,1,3.75,0.0475
69,us-west1,free,CP-COMPUTEENGINE-VMIMAGE-N1-STANDARD-2,2,7.5,0.095
70,us-west1,free,CP-COMPUTEENGINE-VMIMAGE-N1-HIGHCPU-32,32,28.8,1.1344
71,us-west1,free,CP-COMPUTEENGINE-VMIMAGE-N1-STANDARD-8,8,30,0.38
72,us-west1,free,CP-COMPUTEENGINE-VMIMAGE-N1-HIGHCPU-16,16,14.4,0.5672
73,us-west1,free,CP-COMPUTEENGINE-VMIMAGE-N1-ULTRAMEM-80,80,1922,12.6078
74,us-west1,free,CP-COMPUTEENGINE-VMIMAGE-N1-STANDARD-32,32,120,1.52
75,us-west1,free,CP-COMPUTEENGINE-VMIMAGE-N1-HIGHMEM-64,64,416,3.7888
76,us-west1,free,CP-COMPUTEENGINE-VMIMAGE-N1-ULTRAMEM-40,40,961,6.3039
77,us-west1,free,CP-COMPUTEENGINE-VMIMAGE-N1-HIGHMEM-96,96,624,5.6832
78,us-west1,free,CP-COMPUTEENGINE-VMIMAGE-N1-STANDARD-16,16,60,0.76
79,us-west1,free,CP-COMPUTEENGINE-VMIMAGE-N1-STANDARD-96,96,360,4.56
80,us-west1,free,CP-COMPUTEENGINE-VMIMAGE-N1-STANDARD-4,4,15,0.19
81,us-west2,free,CP-COMPUTEENGINE-VMIMAGE-N1-HIGHCPU-96,96,86.4,4.0848
82,us-west2,free,CP-COMPUTEENGINE-VMIMAGE-N1-ULTRAMEM-160,160,3844,28.8754
83,us-west2,free,CP-COMPUTEENGINE-VMIMAGE-G1-SMALL,1,1.7,0.0308
84,us-west2,free,CP-COMPUTEENGINE-VMIMAGE-N1-HIGHMEM-32,32,208,2.2736
85,us-west2,free,CP-COMPUTEENGINE-VMIMAGE-N1-HIGHCPU-64,64,57.6,2.7232
86,us-west2,free,CP-COMPUTEENGINE-VMIMAGE-N1-HIGHMEM-16,16,104,1.1368
87,us-west2,free,CP-COMPUTEENGINE-VMIMAGE-F1-MICRO,1,0.6,0.0091
88,us-west2,free,CP-COMPUTEENGINE-VMIMAGE-N1-STANDARD-64,64,240,3.6544
89,us-west2,free,CP-COMPUTEENGINE-VMIMAGE-N1-HIGHMEM-2,2,13,0.1421
90,us-west2,free,CP-COMPUTEENGINE-VMIMAGE-N1-HIGHCPU-2,2,1.8,0.0851
91,us-west2,free,CP-COMPUTEENGINE-VMIMAGE-N1-HIGHMEM-4,4,26,0.2842
92,us-west2,free,CP-COMPUTEENGINE-VMIMAGE-N1-HIGHCPU-4,4,3.6,0.1702
93,us-west2,free,CP-COMPUTEENGINE-VMIMAGE-N1-HIGHMEM-8,8,52,0.5684
94,us-west2,free,CP-COMPUTEENGINE-VMIMAGE-N1-HIGHCPU-8,8,7.2,0.3404
95,us-west2,free,CP-COMPUTEENGINE-VMIMAGE-N1-STANDARD-1,1,3.75,0.0571
96,us-west2,free,CP-COMPUTEENGINE-VMIMAGE-N1-STANDARD-2,2,7.5,0.1142
97,us-west2,free,CP-COMPUTEENGINE-VMIMAGE-N1-HIGHCPU-32,32,28.8,1.3616
98,us-west2,free,CP-COMPUTEENGINE-VMIMAGE-N1-STANDARD-8,8,30,0.4568
99,us-west2,free,CP-COMPUTEENGINE-VMIMAGE-N1-HIGHCPU-16,16,14.4,0.6808
100,us-west2,free,CP-COMPUTEENGINE-VMIMAGE-N1-ULTRAMEM-80,80,1922,14.4377
101,us-west2,free,CP-COMPUTEENGINE-VMIMAGE-N1-STANDARD-32,32,120,1.8272
102,us-west2,free,CP-COMPUTEENGINE-VMIMAGE-N1-HIGHMEM-64,64,416,4.5472
103,us-west2,free,CP-COMPUTEENGINE-VMIMAGE-N1-ULTRAMEM-40,40,961,7.2188
104,us-west2,free,CP-COMPUTEENGINE-VMIMAGE-N1-HIGHMEM-96,96,624,6.8208
105,us-west2,free,CP-COMPUTEENGINE-VMIMAGE-N1-STANDARD-16,16,60,0.9136
106,us-west2,free,CP-COMPUTEENGINE-VMIMAGE-N1-STANDARD-96,96,360,2801.0976
107,us-west2,free,CP-COMPUTEENGINE-VMIMAGE-N1-STANDARD-4,4,15,0.2284
108,europe-west4,free,CP-COMPUTEENGINE-VMIMAGE-N1-HIGHCPU-96,96,86.4,3.7488
109,europe-west4,free,CP-COMPUTEENGINE-VMIMAGE-G1-SMALL,1,1.7,0.0283
110,europe-west4,free,CP-COMPUTEENGINE-VMIMAGE-N1-HIGHMEM-32,32,208,2.0848
111,europe-west4,free,CP-COMPUTEENGINE-VMIMAGE-N1-HIGHCPU-64,64,57.6,2.4992
112,europe-west4,free,CP-COMPUTEENGINE-VMIMAGE-N1-HIGHMEM-16,16,104,1.0424
113,europe-west4,free,CP-COMPUTEENGINE-VMIMAGE-F1-MICRO,1,0.6,0.0084
114,europe-west4,free,CP-COMPUTEENGINE-VMIMAGE-N1-STANDARD-64,64,240,3.3472
115,europe-west4,free,CP-COMPUTEENGINE-VMIMAGE-N1-HIGHMEM-2,2,13,0.1303
116,europe-west4,free,CP-COMPUTEENGINE-VMIMAGE-N1-HIGHCPU-2,2,1.8,0.0781
117,europe-west4,free,CP-COMPUTEENGINE-VMIMAGE-N1-HIGHMEM-4,4,26,0.2606
118,europe-west4,free,CP-COMPUTEENGINE-VMIMAGE-N1-HIGHCPU-4,4,3.6,0.1562
119,europe-west4,free,CP-COMPUTEENGINE-VMIMAGE-N1-HIGHMEM-8,8,52,0.5212
120,europe-west4,free,CP-COMPUTEENGINE-VMIMAGE-N1-HIGHCPU-8,8,7.2,0.3124
121,europe-west4,free,CP-COMPUTEENGINE-VMIMAGE-N1-STANDARD-1,1,3.75,0.0523
122,europe-west4,free,CP-COMPUTEENGINE-VMIMAGE-N1-STANDARD-2,2,7.5,0.1046
123,europe-west4,free,CP-COMPUTEENGINE-VMIMAGE-N1-HIGHCPU-32,32,28.8,1.2496
124,europe-west4,free,CP-COMPUTEENGINE-VMIMAGE-N1-STANDARD-8,8,30,0.4184
125,europe-west4,free,CP-COMPUTEENGINE-VMIMAGE-N1-HIGHCPU-16,16,14.4,0.6248
126,europe-west4,free,CP-COMPUTEENGINE-VMIMAGE-N1-STANDARD-32,32,120,1.6736
127,europe-west4,free,CP-COMPUTEENGINE-VMIMAGE-N1-HIGHMEM-64,64,416,4.1696
128,europe-west4,free,CP-COMPUTEENGINE-VMIMAGE-N1-HIGHMEM-96,96,624,6.2544
129,europe-west4,free,CP-COMPUTEENGINE-VMIMAGE-N1-STANDARD-16,16,60,0.8368
130,europe-west4,free,CP-COMPUTEENGINE-VMIMAGE-N1-STANDARD-96,96,360,5.0208
131,europe-west4,free,CP-COMPUTEENGINE-VMIMAGE-N1-STANDARD-4,4,15,0.2092
132,asia-east1,free,CP-COMPUTEENGINE-VMIMAGE-N1-HIGHCPU-96,96,86.4,3.9408
133,asia-east1,free,CP-COMPUTEENGINE-VMIMAGE-G1-SMALL,1,1.7,0.03
134,asia-east1,free,CP-COMPUTEENGINE-VMIMAGE-N1-HIGHMEM-32,32,208,2.192
135,asia-east1,free,CP-COMPUTEENGINE-VMIMAGE-N1-HIGHCPU-64,64,57.6,2.6272
136,asia-east1,free,CP-COMPUTEENGINE-VMIMAGE-N1-HIGHMEM-16,16,104,1.096
137,asia-east1,free,CP-COMPUTEENGINE-VMIMAGE-F1-MICRO,1,0.6,0.009
138,asia-east1,free,CP-COMPUTEENGINE-VMIMAGE-N1-STANDARD-64,64,240,3.52
139,asia-east1,free,CP-COMPUTEENGINE-VMIMAGE-N1-HIGHMEM-2,2,13,0.137
140,asia-east1,free,CP-COMPUTEENGINE-VMIMAGE-N1-HIGHCPU-2,2,1.8,0.0821
141,asia-east1,free,CP-COMPUTEENGINE-VMIMAGE-N1-HIGHMEM-4,4,26,0.274
142,asia-east1,free,CP-COMPUTEENGINE-VMIMAGE-N1-HIGHCPU-4,4,3.6,0.1642
143,asia-east1,free,CP-COMPUTEENGINE-VMIMAGE-N1-MEGAMEM-96,96,1433.6,12.362
144,asia-east1,free,CP-COMPUTEENGINE-VMIMAGE-N1-HIGHMEM-8,8,52,0.548
145,asia-east1,free,CP-COMPUTEENGINE-VMIMAGE-N1-HIGHCPU-8,8,7.2,0.3284
146,asia-east1,free,CP-COMPUTEENGINE-VMIMAGE-N1-STANDARD-1,1,3.75,0.055
147,asia-east1,free,CP-COMPUTEENGINE-VMIMAGE-N1-STANDARD-2,2,7.5,0.11
148,asia-east1,free,CP-COMPUTEENGINE-VMIMAGE-N1-HIGHCPU-32,32,28.8,1.3136
149,asia-east1,free,CP-COMPUTEENGINE-VMIMAGE-N1-STANDARD-8,8,30,0.44
150,asia-east1,free,CP-COMPUTEENGINE-VMIMAGE-N1-HIGHCPU-16,16,14.4,0.6568
151,asia-east1,free,CP-COMPUTEENGINE-VMIMAGE-N1-STANDARD-32,32,120,1.76
152,asia-east1,free,CP-COMPUTEENGINE-VMIMAGE-N1-HIGHMEM-64,64,416,4.384
153,asia-east1,free,CP-COMPUTEENGINE-VMIMAGE-N1-HIGHMEM-96,96,624,6.576
154,asia-east1,free,CP-COMPUTEENGINE-VMIMAGE-N1-STANDARD-16,16,60,0.88
155,asia-east1,free,CP-COMPUTEENGINE-VMIMAGE-N1-STANDARD-96,96,360,5.28
156,asia-east1,free,CP-COMPUTEENGINE-VMIMAGE-N1-STANDARD-4,4,15,0.22
157,northamerica-northeast1,free,CP-COMPUTEENGINE-VMIMAGE-N1-HIGHCPU-96,96,86.4,3.7488
158,northamerica-northeast1,free,CP-COMPUTEENGINE-VMIMAGE-G1-SMALL,1,1.7,0.0283
159,northamerica-northeast1,free,CP-COMPUTEENGINE-VMIMAGE-N1-HIGHMEM-32,32,208,2.0848
160,northamerica-northeast1,free,CP-COMPUTEENGINE-VMIMAGE-N1-HIGHCPU-64,64,57.6,2.4992
161,northamerica-northeast1,free,CP-COMPUTEENGINE-VMIMAGE-N1-HIGHMEM-16,16,104,1.0424
162,northamerica-northeast1,free,CP-COMPUTEENGINE-VMIMAGE-F1-MICRO,1,0.6,0.0084
163,northamerica-northeast1,free,CP-COMPUTEENGINE-VMIMAGE-N1-STANDARD-64,64,240,3.3472
164,northamerica-northeast1,free,CP-COMPUTEENGINE-VMIMAGE-N1-HIGHMEM-2,2,13,0.1303
165,northamerica-northeast1,free,CP-COMPUTEENGINE-VMIMAGE-N1-HIGHCPU-2,2,1.8,0.0781
166,northamerica-northeast1,free,CP-COMPUTEENGINE-VMIMAGE-N1-HIGHMEM-4,4,26,0.2606
167,northamerica-northeast1,free,CP-COMPUTEENGINE-VMIMAGE-N1-HIGHCPU-4,4,3.6,0.1562
168,northamerica-northeast1,free,CP-COMPUTEENGINE-VMIMAGE-N1-HIGHMEM-8,8,52,0.5212
169,northamerica-northeast1,free,CP-COMPUTEENGINE-VMIMAGE-N1-HIGHCPU-8,8,7.2,0.3124
170,northamerica-northeast1,free,CP-COMPUTEENGINE-VMIMAGE-N1-STANDARD-1,1,3.75,0.0523
171,northamerica-northeast1,free,CP-COMPUTEENGINE-VMIMAGE-N1-STANDARD-2,2,7.5,0.1046
172,northamerica-northeast1,free,CP-COMPUTEENGINE-VMIMAGE-N1-HIGHCPU-32,32,28.8,1.2496
173,northamerica-northeast1,free,CP-COMPUTEENGINE-VMIMAGE-N1-STANDARD-8,8,30,0.4184
174,northamerica-northeast1,free,CP-COMPUTEENGINE-VMIMAGE-N1-HIGHCPU-16,16,14.4,0.6248
175,northamerica-northeast1,free,CP-COMPUTEENGINE-VMIMAGE-N1-STANDARD-32,32,120,1.6736
176,northamerica-northeast1,free,CP-COMPUTEENGINE-VMIMAGE-N1-HIGHMEM-64,64,416,4.1696
177,northamerica-northeast1,free,CP-COMPUTEENGINE-VMIMAGE-N1-HIGHMEM-96,96,624,6.2544
178,northamerica-northeast1,free,CP-COMPUTEENGINE-VMIMAGE-N1-STANDARD-16,16,60,0.8368
179,northamerica-northeast1,free,CP-COMPUTEENGINE-VMIMAGE-N1-STANDARD-96,96,360,5.0208
180,northamerica-northeast1,free,CP-COMPUTEENGINE-VMIMAGE-N1-STANDARD-4,4,15,0.2092
181,australia-southeast1,free,CP-COMPUTEENGINE-VMIMAGE-TANDARD-1,1,3.75,0.0674
182,australia-southeast1,free,CP-COMPUTEENGINE-VMIMAGE-N1-HIGHCPU-96,96,86.4,4.8277
183,australia-southeast1,free,CP-COMPUTEENGINE-VMIMAGE-N1-ULTRAMEM-160,160,3844,34.1076
184,australia-southeast1,free,CP-COMPUTEENGINE-VMIMAGE-G1-SMALL,1,1.7,0.0357
185,australia-southeast1,free,CP-COMPUTEENGINE-VMIMAGE-N1-HIGHMEM-32,32,208,2.6862
186,australia-southeast1,free,CP-COMPUTEENGINE-VMIMAGE-N1-HIGHCPU-64,64,57.6,3.2185
187,australia-southeast1,free,CP-COMPUTEENGINE-VMIMAGE-N1-HIGHMEM-16,16,104,1.3431
188,australia-southeast1,free,CP-COMPUTEENGINE-VMIMAGE-F1-MICRO,1,0.6,0.0106
189,australia-southeast1,free,CP-COMPUTEENGINE-VMIMAGE-N1-STANDARD-64,64,240,4.3147
190,australia-southeast1,free,CP-COMPUTEENGINE-VMIMAGE-N1-HIGHMEM-2,2,13,0.1679
191,australia-southeast1,free,CP-COMPUTEENGINE-VMIMAGE-N1-HIGHCPU-2,2,1.8,0.1006
192,australia-southeast1,free,CP-COMPUTEENGINE-VMIMAGE-N1-HIGHMEM-4,4,26,0.3358
193,australia-southeast1,free,CP-COMPUTEENGINE-VMIMAGE-N1-HIGHCPU-4,4,3.6,0.2012
194,australia-southeast1,free,CP-COMPUTEENGINE-VMIMAGE-N1-HIGHMEM-8,8,52,0.6716
195,australia-southeast1,free,CP-COMPUTEENGINE-VMIMAGE-N1-HIGHCPU-8,8,7.2,0.4023
196,australia-southeast1,free,CP-COMPUTEENGINE-VMIMAGE-N1-STANDARD-2,2,7.5,0.1348
197,australia-southeast1,free,CP-COMPUTEENGINE-VMIMAGE-N1-HIGHCPU-32,32,28.8,1.6092
198,australia-southeast1,free,CP-COMPUTEENGINE-VMIMAGE-N1-STANDARD-8,8,30,0.5393
199,australia-southeast1,free,CP-COMPUTEENGINE-VMIMAGE-N1-HIGHCPU-16,16,14.4,0.8046
200,australia-southeast1,free,CP-COMPUTEENGINE-VMIMAGE-N1-ULTRAMEM-80,80,1922,17.0538
201,australia-southeast1,free,CP-COMPUTEENGINE-VMIMAGE-N1-STANDARD-32,32,120,2.1574
202,australia-southeast1,free,CP-COMPUTEENGINE-VMIMAGE-N1-HIGHMEM-64,64,416,5.3725
203,australia-southeast1,free,CP-COMPUTEENGINE-VMIMAGE-N1-ULTRAMEM-40,40,961,8.5269
204,australia-southeast1,free,CP-COMPUTEENGINE-VMIMAGE-N1-HIGHMEM-96,96,624,8.0587
205,australia-southeast1,free,CP-COMPUTEENGINE-VMIMAGE-N1-STANDARD-16,16,60,1.0787
206,australia-southeast1,free,CP-COMPUTEENGINE-VMIMAGE-N1-STANDARD-96,96,360,6.4721
207,australia-southeast1,free,CP-COMPUTEENGINE-VMIMAGE-N1-STANDARD-4,4,15,0.2697
208,southamerica-east1,free,CP-COMPUTEENGINE-VMIMAGE-N1-STANDARD-32,32,120,2.4136
209,southamerica-east1,free,CP-COMPUTEENGINE-VMIMAGE-N1-HIGHMEM-2,2,13,0.1879
210,southamerica-east1,free,CP-COMPUTEENGINE-VMIMAGE-N1-HIGHCPU-2,2,1.8,0.1125
211,southamerica-east1,free,CP-COMPUTEENGINE-VMIMAGE-N1-HIGHMEM-4,4,26,0.3757
212,southamerica-east1,free,CP-COMPUTEENGINE-VMIMAGE-N1-HIGHCPU-4,4,3.6,0.225
213,southamerica-east1,free,CP-COMPUTEENGINE-VMIMAGE-N1-HIGHMEM-64,64,416,6.0114
214,southamerica-east1,free,CP-COMPUTEENGINE-VMIMAGE-N1-HIGHMEM-8,8,52,0.7514
215,southamerica-east1,free,CP-COMPUTEENGINE-VMIMAGE-N1-HIGHCPU-8,8,7.2,0.45
216,southamerica-east1,free,CP-COMPUTEENGINE-VMIMAGE-N1-HIGHCPU-32,32,28.8,1.7999
217,southamerica-east1,free,CP-COMPUTEENGINE-VMIMAGE-G1-SMALL,1,1.7,0.04
218,southamerica-east1,free,CP-COMPUTEENGINE-VMIMAGE-N1-STANDARD-16,16,60,1.2068
219,southamerica-east1,free,CP-COMPUTEENGINE-VMIMAGE-N1-STANDARD-1,1,3.75,0.0754
220,southamerica-east1,free,CP-COMPUTEENGINE-VMIMAGE-F1-MICRO,1,0.6,0.0118
221,southamerica-east1,free,CP-COMPUTEENGINE-VMIMAGE-N1-HIGHMEM-32,32,208,3.0057
222,southamerica-east1,free,CP-COMPUTEENGINE-VMIMAGE-N1-STANDARD-2,2,7.5,0.1508
223,southamerica-east1,free,CP-COMPUTEENGINE-VMIMAGE-N1-STANDARD-64,64,240,4.8271
224,southamerica-east1,free,CP-COMPUTEENGINE-VMIMAGE-N1-STANDARD-4,4,15,0.3017
225,southamerica-east1,free,CP-COMPUTEENGINE-VMIMAGE-N1-HIGHCPU-64,64,57.6,3.5998
226,southamerica-east1,free,CP-COMPUTEENGINE-VMIMAGE-N1-STANDARD-8,8,30,0.6034
227,southamerica-east1,free,CP-COMPUTEENGINE-VMIMAGE-N1-HIGHMEM-16,16,104,1.5029
228,southamerica-east1,free,CP-COMPUTEENGINE-VMIMAGE-N1-HIGHCPU-16,16,14.4,0.8999
229,asia-northeast,free,CP-COMPUTEENGINE-VMIMAGE-N1-HIGHCPU-96,96,86.4,4.368
230,asia-northeast,free,CP-COMPUTEENGINE-VMIMAGE-G1-SMALL,1,1.7,0.0322
231,asia-northeast,free,CP-COMPUTEENGINE-VMIMAGE-N1-HIGHMEM-32,32,208,2.4272
232,asia-northeast,free,CP-COMPUTEENGINE-VMIMAGE-N1-HIGHCPU-64,64,57.6,2.912
233,asia-northeast,free,CP-COMPUTEENGINE-VMIMAGE-N1-HIGHMEM-16,16,104,1.2136
234,asia-northeast,free,CP-COMPUTEENGINE-VMIMAGE-F1-MICRO,1,0.6,0.0092
235,asia-northeast,free,CP-COMPUTEENGINE-VMIMAGE-N1-STANDARD-64,64,240,3.904
236,asia-northeast,free,CP-COMPUTEENGINE-VMIMAGE-N1-HIGHMEM-2,2,13,0.1517
237,asia-northeast,free,CP-COMPUTEENGINE-VMIMAGE-N1-HIGHCPU-2,2,1.8,0.091
238,asia-northeast,free,CP-COMPUTEENGINE-VMIMAGE-N1-HIGHMEM-4,4,26,0.3034
239,asia-northeast,free,CP-COMPUTEENGINE-VMIMAGE-N1-HIGHCPU-4,4,3.6,0.182
240,asia-northeast,free,CP-COMPUTEENGINE-VMIMAGE-N1-HIGHMEM-8,8,52,0.6068
241,asia-northeast,free,CP-COMPUTEENGINE-VMIMAGE-N1-HIGHCPU-8,8,7.2,0.364
242,asia-northeast,free,CP-COMPUTEENGINE-VMIMAGE-N1-STANDARD-1,1,3.75,0.061
243,asia-northeast,free,CP-COMPUTEENGINE-VMIMAGE-N1-STANDARD-2,2,7.5,0.122
244,asia-northeast,free,CP-COMPUTEENGINE-VMIMAGE-N1-HIGHCPU-32,32,28.8,1.456
245,asia-northeast,free,CP-COMPUTEENGINE-VMIMAGE-N1-STANDARD-8,8,30,0.488
246,asia-northeast,free,CP-COMPUTEENGINE-VMIMAGE-N1-HIGHCPU-16,16,14.4,0.728
247,asia-northeast,free,CP-COMPUTEENGINE-VMIMAGE-N1-STANDARD-32,32,120,1.952
248,asia-northeast,free,CP-COMPUTEENGINE-VMIMAGE-N1-HIGHMEM-64,64,416,4.8544
249,asia-northeast,free,CP-COMPUTEENGINE-VMIMAGE-N1-HIGHMEM-96,96,624,7.2816
250,asia-northeast,free,CP-COMPUTEENGINE-VMIMAGE-N1-STANDARD-16,16,60,0.976
251,asia-northeast,free,CP-COMPUTEENGINE-VMIMAGE-N1-STANDARD-96,96,360,5.856
252,asia-northeast,free,CP-COMPUTEENGINE-VMIMAGE-N1-STANDARD-4,4,15,0.244
253,europe-west2,free,CP-COMPUTEENGINE-VMIMAGE-N1-HIGHCPU-96,96,86.4,4.3776
254,europe-west2,free,CP-COMPUTEENGINE-VMIMAGE-G1-SMALL,1,1.7,0.0324
255,europe-west2,free,CP-COMPUTEENGINE-VMIMAGE-N1-HIGHMEM-32,32,208,2.4368
256,europe-west2,free,CP-COMPUTEENGINE-VMIMAGE-N1-HIGHCPU-64,64,57.6,2.9184
257,europe-west2,free,CP-COMPUTEENGINE-VMIMAGE-N1-HIGHMEM-16,16,104,1.2184
258,europe-west2,free,CP-COMPUTEENGINE-VMIMAGE-F1-MICRO,1,0.6,0.0096
259,europe-west2,free,CP-COMPUTEENGINE-VMIMAGE-N1-STANDARD-64,64,240,3.9168
260,europe-west2,free,CP-COMPUTEENGINE-VMIMAGE-N1-HIGHMEM-2,2,13,0.1523
261,europe-west2,free,CP-COMPUTEENGINE-VMIMAGE-N1-HIGHCPU-2,2,1.8,0.0912
262,europe-west2,free,CP-COMPUTEENGINE-VMIMAGE-N1-HIGHMEM-4,4,26,0.3046
263,europe-west2,free,CP-COMPUTEENGINE-VMIMAGE-N1-HIGHCPU-4,4,3.6,0.1824
264,europe-west2,free,CP-COMPUTEENGINE-VMIMAGE-N1-HIGHMEM-8,8,52,0.6092
265,europe-west2,free,CP-COMPUTEENGINE-VMIMAGE-N1-HIGHCPU-8,8,7.2,0.3648
266,europe-west2,free,CP-COMPUTEENGINE-VMIMAGE-N1-STANDARD-1,1,3.75,0.0612
267,europe-west2,free,CP-COMPUTEENGINE-VMIMAGE-N1-STANDARD-2,2,7.5,0.1224
268,europe-west2,free,CP-COMPUTEENGINE-VMIMAGE-N1-HIGHCPU-32,32,28.8,1.4592
269,europe-west2,free,CP-COMPUTEENGINE-VMIMAGE-N1-STANDARD-8,8,30,0.4896
270,europe-west2,free,CP-COMPUTEENGINE-VMIMAGE-N1-HIGHCPU-16,16,14.4,0.7296
271,europe-west2,free,CP-COMPUTEENGINE-VMIMAGE-N1-STANDARD-32,32,120,1.9584
272,europe-west2,free,CP-COMPUTEENGINE-VMIMAGE-N1-HIGHMEM-64,64,416,4.8736
273,europe-west2,free,CP-COMPUTEENGINE-VMIMAGE-N1-HIGHMEM-96,96,624,7.3104
274,europe-west2,free,CP-COMPUTEENGINE-VMIMAGE-N1-STANDARD-16,16,60,0.9792
275,europe-west2,free,CP-COMPUTEENGINE-VMIMAGE-N1-STANDARD-96,96,360,5.8752
276,europe-west2,free,CP-COMPUTEENGINE-VMIMAGE-N1-STANDARD-4,4,15,0.2448
277,asia-south1,free,CP-COMPUTEENGINE-VMIMAGE-N1-HIGHCPU-96,96,86.4,4.0848
278,asia-south1,free,CP-COMPUTEENGINE-VMIMAGE-G1-SMALL,1,1.7,0.0308
279,asia-south1,free,CP-COMPUTEENGINE-VMIMAGE-N1-HIGHMEM-32,32,208,2.2732
280,asia-south1,free,CP-COMPUTEENGINE-VMIMAGE-N1-HIGHCPU-64,64,57.6,2.7229
281,asia-south1,free,CP-COMPUTEENGINE-VMIMAGE-N1-HIGHMEM-16,16,104,1.1366
282,asia-south1,free,CP-COMPUTEENGINE-VMIMAGE-F1-MICRO,1,0.6,0.0091
283,asia-south1,free,CP-COMPUTEENGINE-VMIMAGE-N1-STANDARD-64,64,240,3.651
284,asia-south1,free,CP-COMPUTEENGINE-VMIMAGE-N1-HIGHMEM-2,2,13,0.1421
285,asia-south1,free,CP-COMPUTEENGINE-VMIMAGE-N1-HIGHCPU-2,2,1.8,0.0851
286,asia-south1,free,CP-COMPUTEENGINE-VMIMAGE-N1-HIGHMEM-4,4,26,0.2842
287,asia-south1,free,CP-COMPUTEENGINE-VMIMAGE-N1-HIGHCPU-4,4,3.6,0.1702
288,asia-south1,free,CP-COMPUTEENGINE-VMIMAGE-N1-HIGHMEM-8,8,52,0.5683
289,asia-south1,free,CP-COMPUTEENGINE-VMIMAGE-N1-HIGHCPU-8,8,7.2,0.3404
290,asia-south1,free,CP-COMPUTEENGINE-VMIMAGE-N1-STANDARD-1,1,3.75,0.057
291,asia-south1,free,CP-COMPUTEENGINE-VMIMAGE-N1-STANDARD-2,2,7.5,0.1141
292,asia-south1,free,CP-COMPUTEENGINE-VMIMAGE-N1-HIGHCPU-32,32,28.8,1.3615
293,asia-south1,free,CP-COMPUTEENGINE-VMIMAGE-N1-STANDARD-8,8,30,0.4564
294,asia-south1,free,CP-COMPUTEENGINE-VMIMAGE-N1-HIGHCPU-16,16,14.4,0.6807
295,asia-south1,free,CP-COMPUTEENGINE-VMIMAGE-N1-STANDARD-32,32,120,1.8255
296,asia-south1,free,CP-COMPUTEENGINE-VMIMAGE-N1-HIGHMEM-64,64,416,4.5465
297,asia-south1,free,CP-COMPUTEENGINE-VMIMAGE-N1-HIGHMEM-96,96,624,6.8196
298,asia-south1,free,CP-COMPUTEENGINE-VMIMAGE-N1-STANDARD-16,16,60,0.9127
299,asia-south1,free,CP-COMPUTEENGINE-VMIMAGE-N1-STANDARD-96,96,360,5.4768
300,asia-south1,free,CP-COMPUTEENGINE-VMIMAGE-N1-STANDARD-4,4,15,0.2282
301,europe-west3,free,CP-COMPUTEENGINE-VMIMAGE-N1-HIGHCPU-96,96,86.4,4.3776
302,europe-west3,free,CP-COMPUTEENGINE-VMIMAGE-G1-SMALL,1,1.7,0.0324
303,europe-west3,free,CP-COMPUTEENGINE-VMIMAGE-N1-HIGHMEM-32,32,208,2.4368
304,europe-west3,free,CP-COMPUTEENGINE-VMIMAGE-N1-HIGHCPU-64,64,57.6,2.9184
305,europe-west3,free,CP-COMPUTEENGINE-VMIMAGE-N1-HIGHMEM-16,16,104,1.2184
306,europe-west3,free,CP-COMPUTEENGINE-VMIMAGE-F1-MICRO,1,0.6,0.0096
307,europe-west3,free,CP-COMPUTEENGINE-VMIMAGE-N1-STANDARD-64,64,240,3.9168
308,europe-west3,free,CP-COMPUTEENGINE-VMIMAGE-N1-HIGHMEM-2,2,13,0.1523
309,europe-west3,free,CP-COMPUTEENGINE-VMIMAGE-N1-HIGHCPU-2,2,1.8,0.0912
310,europe-west3,free,CP-COMPUTEENGINE-VMIMAGE-N1-HIGHMEM-4,4,26,0.3046
311,europe-west3,free,CP-COMPUTEENGINE-VMIMAGE-N1-HIGHCPU-4,4,3.6,0.1824
312,europe-west3,free,CP-COMPUTEENGINE-VMIMAGE-N1-MEGAMEM-96,96,1433.6,13.092
313,europe-west3,free,CP-COMPUTEENGINE-VMIMAGE-N1-HIGHMEM-8,8,52,0.6092
314,europe-west3,free,CP-COMPUTEENGINE-VMIMAGE-N1-HIGHCPU-8,8,7.2,0.3648
315,europe-west3,free,CP-COMPUTEENGINE-VMIMAGE-N1-STANDARD-1,1,3.75,0.0612
316,europe-west3,free,CP-COMPUTEENGINE-VMIMAGE-N1-STANDARD-2,2,7.5,0.1224
317,europe-west3,free,CP-COMPUTEENGINE-VMIMAGE-N1-HIGHCPU-32,32,28.8,1.4592
318,europe-west3,free,CP-COMPUTEENGINE-VMIMAGE-N1-STANDARD-8,8,30,0.4896
319,europe-west3,free,CP-COMPUTEENGINE-VMIMAGE-N1-HIGHCPU-16,16,14.4,0.7296
320,europe-west3,free,CP-COMPUTEENGINE-VMIMAGE-N1-STANDARD-32,32,120,1.9584
321,europe-west3,free,CP-COMPUTEENGINE-VMIMAGE-N1-HIGHMEM-64,64,416,4.8736
322,europe-west3,free,CP-COMPUTEENGINE-VMIMAGE-N1-HIGHMEM-96,96,624,7.3104
323,europe-west3,free,CP-COMPUTEENGINE-VMIMAGE-N1-STANDARD-16,16,60,0.9792
324,europe-west3,free,CP-COMPUTEENGINE-VMIMAGE-N1-STANDARD-96,96,360,5.8752
325,europe-west3,free,CP-COMPUTEENGINE-VMIMAGE-N1-STANDARD-4,4,15,0.2448
326,asia-east2,free,CP-COMPUTEENGINE-VMIMAGE-N1-STANDARD-32,32,120,2.1268
327,asia-east2,free,CP-COMPUTEENGINE-VMIMAGE-N1-HIGHMEM-2,2,13,0.1655
328,asia-east2,free,CP-COMPUTEENGINE-VMIMAGE-N1-HIGHCPU-2,2,1.8,0.0991
329,asia-east2,free,CP-COMPUTEENGINE-VMIMAGE-N1-HIGHMEM-4,4,26,0.3311
330,asia-east2,free,CP-COMPUTEENGINE-VMIMAGE-N1-HIGHCPU-4,4,3.6,0.1983
331,asia-east2,free,CP-COMPUTEENGINE-VMIMAGE-N1-HIGHMEM-64,64,416,5.2968
332,asia-east2,free,CP-COMPUTEENGINE-VMIMAGE-N1-HIGHMEM-8,8,52,0.6621
333,asia-east2,free,CP-COMPUTEENGINE-VMIMAGE-N1-HIGHCPU-8,8,7.2,0.3965
334,asia-east2,free,CP-COMPUTEENGINE-VMIMAGE-N1-HIGHCPU-32,32,28.8,1.5861
335,asia-east2,free,CP-COMPUTEENGINE-VMIMAGE-G1-SMALL,1,1.7,0.0359
336,asia-east2,free,CP-COMPUTEENGINE-VMIMAGE-N1-STANDARD-16,16,60,1.0634
337,asia-east2,free,CP-COMPUTEENGINE-VMIMAGE-N1-STANDARD-1,1,3.75,0.0665
338,asia-east2,free,CP-COMPUTEENGINE-VMIMAGE-F1-MICRO,1,0.6,0.0106
339,asia-east2,free,CP-COMPUTEENGINE-VMIMAGE-N1-HIGHMEM-32,32,208,2.6484
340,asia-east2,free,CP-COMPUTEENGINE-VMIMAGE-N1-STANDARD-2,2,7.5,0.1329
341,asia-east2,free,CP-COMPUTEENGINE-VMIMAGE-N1-STANDARD-64,64,240,4.2535
342,asia-east2,free,CP-COMPUTEENGINE-VMIMAGE-N1-STANDARD-4,4,15,0.2658
343,asia-east2,free,CP-COMPUTEENGINE-VMIMAGE-N1-HIGHCPU-64,64,57.6,3.1722
344,asia-east2,free,CP-COMPUTEENGINE-VMIMAGE-N1-STANDARD-8,8,30,0.5317
345,asia-east2,free,CP-COMPUTEENGINE-VMIMAGE-N1-HIGHMEM-16,16,104,1.3242
346,asia-east2,free,CP-COMPUTEENGINE-VMIMAGE-N1-HIGHCPU-16,16,14.4,0.7931
347,us-east4,free,CP-COMPUTEENGINE-VMIMAGE-N1-HIGHCPU-96,96,86.4,3.9036
348,us-east4,free,CP-COMPUTEENGINE-VMIMAGE-G1-SMALL,1,1.7,0.0289
349,us-east4,free,CP-COMPUTEENGINE-VMIMAGE-N1-HIGHMEM-32,32,208,2.1571
350,us-east4,free,CP-COMPUTEENGINE-VMIMAGE-N1-HIGHCPU-64,64,57.6,2.6022
351,us-east4,free,CP-COMPUTEENGINE-VMIMAGE-N1-HIGHMEM-16,16,104,1.0786
352,us-east4,free,CP-COMPUTEENGINE-VMIMAGE-F1-MICRO,1,0.6,0.0086
353,us-east4,free,CP-COMPUTEENGINE-VMIMAGE-N1-STANDARD-64,64,240,3.424
354,us-east4,free,CP-COMPUTEENGINE-VMIMAGE-N1-HIGHMEM-2,2,13,0.1348
355,us-east4,free,CP-COMPUTEENGINE-VMIMAGE-N1-HIGHCPU-2,2,1.8,0.0813
356,us-east4,free,CP-COMPUTEENGINE-VMIMAGE-N1-HIGHMEM-4,4,26,0.2696
357,us-east4,free,CP-COMPUTEENGINE-VMIMAGE-N1-HIGHCPU-4,4,3.6,0.1626
358,us-east4,free,CP-COMPUTEENGINE-VMIMAGE-N1-HIGHMEM-8,8,52,0.5393
359,us-east4,free,CP-COMPUTEENGINE-VMIMAGE-N1-HIGHCPU-8,8,7.2,0.3253
360,us-east4,free,CP-COMPUTEENGINE-VMIMAGE-N1-STANDARD-1,1,3.75,0.0535
361,us-east4,free,CP-COMPUTEENGINE-VMIMAGE-N1-STANDARD-2,2,7.5,0.107
362,us-east4,free,CP-COMPUTEENGINE-VMIMAGE-N1-HIGHCPU-32,32,28.8,1.3011
363,us-east4,free,CP-COMPUTEENGINE-VMIMAGE-N1-STANDARD-8,8,30,0.428
364,us-east4,free,CP-COMPUTEENGINE-VMIMAGE-N1-HIGHCPU-16,16,14.4,0.6506
365,us-east4,free,CP-COMPUTEENGINE-VMIMAGE-N1-STANDARD-32,32,120,1.712
366,us-east4,free,CP-COMPUTEENGINE-VMIMAGE-N1-HIGHMEM-64,64,416,4.3142
367,us-east4,free,CP-COMPUTEENGINE-VMIMAGE-N1-HIGHMEM-96,96,624,6.4716
368,us-east4,free,CP-COMPUTEENGINE-VMIMAGE-N1-STANDARD-16,16,60,0.856
369,us-east4,free,CP-COMPUTEENGINE-VMIMAGE-N1-STANDARD-96,96,360,5.136
370,us-east4,free,CP-COMPUTEENGINE-VMIMAGE-N1-STANDARD-4,4,15,0.214
371,europe-north1,free,CP-COMPUTEENGINE-VMIMAGE-N1-HIGHCPU-96,96,86.4,3.7488
372,europe-north1,free,CP-COMPUTEENGINE-VMIMAGE-N1-HIGHMEM-32,32,208,2.0848
373,europe-north1,free,CP-COMPUTEENGINE-VMIMAGE-N1-HIGHCPU-64,64,57.6,2.4992
374,europe-north1,free,CP-COMPUTEENGINE-VMIMAGE-N1-HIGHMEM-16,16,104,1.0424
375,europe-north1,free,CP-COMPUTEENGINE-VMIMAGE-N1-STANDARD-64,64,240,3.3472
376,europe-north1,free,CP-COMPUTEENGINE-VMIMAGE-N1-HIGHMEM-2,2,13,0.1303
377,europe-north1,free,CP-COMPUTEENGINE-VMIMAGE-N1-HIGHCPU-2,2,1.8,0.0781
378,europe-north1,free,CP-COMPUTEENGINE-VMIMAGE-N1-HIGHMEM-4,4,26,0.2606
379,europe-north1,free,CP-COMPUTEENGINE-VMIMAGE-N1-HIGHCPU-4,4,3.6,0.1562
380,europe-north1,free,CP-COMPUTEENGINE-VMIMAGE-N1-HIGHMEM-8,8,52,0.5212
381,europe-north1,free,CP-COMPUTEENGINE-VMIMAGE-N1-HIGHCPU-8,8,7.2,0.3124
382,europe-north1,free,CP-COMPUTEENGINE-VMIMAGE-N1-STANDARD-1,1,3.75,0.0523
383,europe-north1,free,CP-COMPUTEENGINE-VMIMAGE-N1-STANDARD-2,2,7.5,0.1046
384,europe-north1,free,CP-COMPUTEENGINE-VMIMAGE-N1-HIGHCPU-32,32,28.8,1.2496
385,europe-north1,free,CP-COMPUTEENGINE-VMIMAGE-N1-STANDARD-8,8,30,0.4184
386,europe-north1,free,CP-COMPUTEENGINE-VMIMAGE-N1-HIGHCPU-16,16,14.4,0.6248
387,europe-north1,free,CP-COMPUTEENGINE-VMIMAGE-N1-STANDARD-32,32,120,1.6736
388,europe-north1,free,CP-COMPUTEENGINE-VMIMAGE-N1-HIGHMEM-64,64,416,4.1696
389,europe-north1,free,CP-COMPUTEENGINE-VMIMAGE-N1-HIGHMEM-96,96,624,6.2544
390,europe-north1,free,CP-COMPUTEENGINE-VMIMAGE-N1-STANDARD-16,16,60,0.8368
391,europe-north1,free,CP-COMPUTEENGINE-VMIMAGE-N1-STANDARD-96,96,360,5.0208
392,europe-north1,free,CP-COMPUTEENGINE-VMIMAGE-N1-STANDARD-4,4,15,0.2092
393,us-central1,free,CP-COMPUTEENGINE-VMIMAGE-N1-HIGHCPU-96,96,86.4,3.402
394,us-central1,free,CP-COMPUTEENGINE-VMIMAGE-G1-SMALL,1,1.7,0.0257
395,us-central1,free,CP-COMPUTEENGINE-VMIMAGE-N1-HIGHMEM-32,32,208,1.8944
396,us-central1,free,CP-COMPUTEENGINE-VMIMAGE-N1-HIGHCPU-64,64,57.6,2.2688
397,us-central1,free,CP-COMPUTEENGINE-VMIMAGE-N1-HIGHMEM-16,16,104,0.9472
398,us-central1,free,CP-COMPUTEENGINE-VMIMAGE-F1-MICRO,1,0.6,0.0076
399,us-central1,free,CP-COMPUTEENGINE-VMIMAGE-N1-STANDARD-64,64,240,3.04
400,us-central1,free,CP-COMPUTEENGINE-VMIMAGE-1-HIGHMEM-2,2,13,0.1184
401,us-central1,free,CP-COMPUTEENGINE-VMIMAGE-N1-ULTRAMEM-160,160,3844,25.2156
402,us-central1,free,CP-COMPUTEENGINE-VMIMAGE-N1-HIGHCPU-2,2,1.8,0.0709
403,us-central1,free,CP-COMPUTEENGINE-VMIMAGE-N1-HIGHMEM-4,4,26,0.2368
404,us-central1,free,CP-COMPUTEENGINE-VMIMAGE-N1-HIGHCPU-4,4,3.6,0.1418
405,us-central1,free,CP-COMPUTEENGINE-VMIMAGE-N1-MEGAMEM-96,96,1433.6,10.674
406,us-central1,free,CP-COMPUTEENGINE-VMIMAGE-N1-HIGHMEM-8,8,52,0.4736
407,us-central1,free,CP-COMPUTEENGINE-VMIMAGE-N1-HIGHCPU-8,8,7.2,0.2836
408,us-central1,free,CP-COMPUTEENGINE-VMIMAGE-N1-STANDARD-1,1,3.75,0.0475
409,us-central1,free,CP-COMPUTEENGINE-VMIMAGE-N1-STANDARD-2,2,7.5,0.095
410,us-central1,free,CP-COMPUTEENGINE-VMIMAGE-N1-HIGHCPU-32,32,28.8,1.1344
411,us-central1,free,CP-COMPUTEENGINE-VMIMAGE-N1-STANDARD-8,8,30,0.38
412,us-central1,free,CP-COMPUTEENGINE-VMIMAGE-N1-HIGHCPU-16,16,14.4,0.5672
413,us-central1,free,CP-COMPUTEENGINE-VMIMAGE-N1-ULTRAMEM-80,80,1922,12.6078
414,us-central1,free,CP-COMPUTEENGINE-VMIMAGE-N1-STANDARD-32,32,120,1.52
415,us-central1,free,CP-COMPUTEENGINE-VMIMAGE-N1-HIGHMEM-64,64,416,3.7888
416,us-central1,free,CP-COMPUTEENGINE-VMIMAGE-N1-ULTRAMEM-40,40,961,6.3039
417,us-central1,free,CP-COMPUTEENGINE-VMIMAGE-N1-HIGHMEM-96,96,624,5.6832
418,us-central1,free,CP-COMPUTEENGINE-VMIMAGE-N1-STANDARD-16,16,60,0.76
419,us-central1,free,CP-COMPUTEENGINE-VMIMAGE-N1-STANDARD-96,96,360,4.56
420,us-central1,free,CP-COMPUTEENGINE-VMIMAGE-N1-STANDARD-4,4,15,0.19
421,europe-west1,free,CP-COMPUTEENGINE-VMIMAGE-N1-HIGHCPU-96,96,86.4,3.744
422,europe-west1,free,CP-COMPUTEENGINE-VMIMAGE-N1-ULTRAMEM-160,160,3844,27.7557
423,europe-west1,free,CP-COMPUTEENGINE-VMIMAGE-G1-SMALL,1,1.7,0.0285
424,europe-west1,free,CP-COMPUTEENGINE-VMIMAGE-N1-HIGHMEM-32,32,208,2.0832
425,europe-west1,free,CP-COMPUTEENGINE-VMIMAGE-N1-HIGHCPU-64,64,57.6,2.496
426,europe-west1,free,CP-COMPUTEENGINE-VMIMAGE-N1-HIGHMEM-16,16,104,1.0416
427,europe-west1,free,CP-COMPUTEENGINE-VMIMAGE-F1-MICRO,1,0.6,0.0086
428,europe-west1,free,CP-COMPUTEENGINE-VMIMAGE-N1-STANDARD-64,64,240,3.3472
429,europe-west1,free,CP-COMPUTEENGINE-VMIMAGE-N1-HIGHMEM-2,2,13,0.1302
430,europe-west1,free,CP-COMPUTEENGINE-VMIMAGE-N1-HIGHCPU-2,2,1.8,0.078
431,europe-west1,free,CP-COMPUTEENGINE-VMIMAGE-N1-HIGHMEM-4,4,26,0.2604
432,europe-west1,free,CP-COMPUTEENGINE-VMIMAGE-N1-HIGHCPU-4,4,3.6,0.156
433,europe-west1,free,CP-COMPUTEENGINE-VMIMAGE-N1-MEGAMEM-96,96,1433.6,11.743
434,europe-west1,free,CP-COMPUTEENGINE-VMIMAGE-N1-HIGHMEM-8,8,52,0.5208
435,europe-west1,free,CP-COMPUTEENGINE-VMIMAGE-N1-HIGHCPU-8,8,7.2,0.312
436,europe-west1,free,CP-COMPUTEENGINE-VMIMAGE-N1-STANDARD-1,1,3.75,0.0523
437,europe-west1,free,CP-COMPUTEENGINE-VMIMAGE-N1-STANDARD-2,2,7.5,0.1046
438,europe-west1,free,CP-COMPUTEENGINE-VMIMAGE-N1-HIGHCPU-32,32,28.8,1.248
439,europe-west1,free,CP-COMPUTEENGINE-VMIMAGE-N1-STANDARD-8,8,30,0.4184
440,europe-west1,free,CP-COMPUTEENGINE-VMIMAGE-N1-HIGHCPU-16,16,14.4,0.624
441,europe-west1,free,CP-COMPUTEENGINE-VMIMAGE-N1-ULTRAMEM-80,80,1922,13.8779
442,europe-west1,free,CP-COMPUTEENGINE-VMIMAGE-N1-STANDARD-32,32,120,1.6736
443,europe-west1,free,CP-COMPUTEENGINE-VMIMAGE-N1-HIGHMEM-64,64,416,4.1664
444,europe-west1,free,CP-COMPUTEENGINE-VMIMAGE-N1-ULTRAMEM-40,40,961,6.9389
445,europe-west1,free,CP-COMPUTEENGINE-VMIMAGE-N1-HIGHMEM-96,96,624,6.2496
446,europe-west1,free,CP-COMPUTEENGINE-VMIMAGE-N1-STANDARD-16,16,60,0.8368
447,europe-west1,free,CP-COMPUTEENGINE-VMIMAGE-N1-STANDARD-96,96,360,5.028
448,europe-west1,free,CP-COMPUTEENGINE-VMIMAGE-N1-STANDARD-4,4,15,0.2092
